data,player,language,publishedAt,Label
ten if you included the toe-poked volley to team-mate palacios in the build-up,palacios,en,2023-02-16T23:56:00Z,NA
"bayerleverkusen took the lead again in the st minute, when midfielder palacios struck from the edge of the box following a corner and adli made it - before the hour mark with a fine header",palacios,en,2023-02-23T20:50:50Z,NA
"wissam ben yedder levelled straight away from the spot for monaco, before palacios put bayerleverkusen back ahead",palacios,en,2023-02-23T20:53:59Z,positiv
"midfielders: leandro paredes (juventus), angel di maria (juventus), guido rodriguez (betis), enzo fernandez (chelsea), maximiliano perrone (manchester city), palacios (bayerleverkusen), rodrigo de paul (atletico madrid), angel correa (atletico madrid), alexis mac allister (brighton), facundo buonanotte (brighton), thiago almada (atlanta united), giovani lo celso (villarreal), emiliano buendia (aston villa), valentin carboni (inter milan)",palacios,en,2023-03-03T16:40:46Z,neutral
"midfielders: rodrigo de paul (atletico madrid), leandro paredes (juventus), guido rodriguez (real betis), alejandro gomez (sevilla), alexis mac allister (brighton), palacios (bayerleverkusen), enzo fernandez (chelsea), maximo perrone (manchester city), facundo buonanotte (brighton), giovani lo celso (villarreal), thiago almada (atlanta united), valentin carboni (inter milan)",palacios,en,2023-03-03T18:17:37Z,neutral
"a first half goal from joshua kimmich was canceled out by two penalties from palacios, resulting in a - win for the home team",palacios,en,2023-03-19T18:30:00Z,NA
" ""by reuters bayerleverkusen's palacios scored two second-half penalties to complete a - comeback victory over visitors bayern munich on sunday and deny them the bundesliga lead",palacios,en,2023-03-19T18:42:59Z,NA
bayerleverkusen\'s palacios scored two second-half penalties to complete a - comeback victory over visitors bayern munich on sunday and deny them the bundesliga lead,palacios,en,2023-03-19T19:05:09Z,NA
"by tamojit chakraborty march , palacios scored twice from the penalty spot in the second half as bayerleverkusen came back from behind to beat bayern munich - at the bay arena on sunday evening",palacios,en,2023-03-19T19:45:15Z,NA
" "" palacios scored two penalties as bayerleverkusen beat bayern munich who missed the chance to return to the top of the bundesliga",palacios,en,2023-03-19T20:03:28Z,NA
bayern munich missed the chance to move back to the top of the bundesliga after two second-half penalties from palacios saw them sink to a - defeat at bayerleverkusen,palacios,en,2023-03-19T22:29:07Z,NA
"up stepped palacios to beat bayern keeper yann sommer on both occasions, and bayerleverkusen -- led by the super-stylish alonso -- could then celebrate a famous win",palacios,en,2023-03-20T01:35:10Z,NA
"rennes, instead, made the most of their chances.on the stroke of halftime, toko ekambi collected a superb long pass from benjamin bourigeaud and fired home from just inside the box, making up for a couple of earlier bad choices.rennes doubled their advantage with their second shot on target, three minutes into the second half, as kalimuendo latched on to a cross from lesley ugochukwu to beat gianluigi donnarumma.forward hugo ekitike replaced midfielder fabian ruiz while midfielder renato sanches came on for defender juan bernat before the hour, but it was rennes who came closest to scoring again through toko ekambi.later on sunday, alexis sanchez netted a double to give om all three points at reims, who had gone unbeaten in ligue for six months.reims, who had opened the scoring through folarin balogun, are ninth on points.bayerleverkusen stun bayern munich bayerleverkusen\'s palacios scored two second-half penalties to complete a - comeback victory over visitors bayern munich on sunday and deny them the bundesliga lead",palacios,en,2023-03-20T04:56:02Z,NA
"although bayern took the lead through joshua kimmich on the day, two second-half penalties from palacios condemned them to defeat at bayarena",palacios,en,2023-03-20T08:45:35Z,NA
bayerleverkusen hit back to beat bayern munich (martin meissner/ap) bayern munich missed the chance to move back to the top of the bundesliga after two second-half penalties from palacios saw them sink to a - defeat at bayerleverkusen,palacios,en,2023-03-20T09:46:49Z,NA
"the bundesliga fluctuations in munich this season are so frequent and so wild that it cannot help but invite scrutiny there were many remarkable aspects to the way in which this all unfolded; that bayerleverkusen showed considerably more nerve than their visitors in a - win and, also, that the home side's adli was twice cautioned by tobias stieler for simulation before the referee twice re-examined his decision on the monitor, twice withdrew the card with a smile and a handshake and twice awarded a penalty, both converted by palacios (twice to yann sommer's right, in case you wondered) to bring die werkself from behind and guide them home",palacios,en,2023-03-20T13:00:35Z,NA
"the two var penalties, both converted by palacios, dominated the headlines from sunday\'s game, but that\'s only part of the story",palacios,en,2023-03-20T18:07:28Z,NA
"today it was a lifesaver for the game."" palacios scored both penalties to end bayern's four-game winning run across all competitions and leave dortmund one point clear with nine rounds remaining",palacios,en,2023-03-20T21:20:28Z,positiv
"almada celebrates the world cup triumphj after the game with\xaexequiel palacios and angel correa thousands of fans turned up to congratulate the team on their achievement in qatar part of the daily mail, the mail on sunday & metro media group""} ",palacios,en,2023-03-24T13:06:53Z,NA
foul by palacios (argentina),palacios,en,2023-03-29T06:58:57Z,negativ
palacios beat yann sommer both times from the spot to ensure that bayern are in the unfamiliar position of second place this late in the season,palacios,en,2023-03-30T13:39:50Z,NA
"after stuttgart's draw with bayerleverkusen on sunday - andreas ""zecke"" neuendorf, hertha's licensing director, broke news of palacios' equaliser for die werkself during his own speech as a rallying cry - the berlin club need almost a mathematical miracle to escape",palacios,en,2023-05-15T09:43:15Z,NA
"two penalties ensured a share of the points, though stuttgart will rue palacios' equalizer as it left the team second from bottom on points with two rounds remaining",palacios,en,2023-05-14T15:44:56Z,NA
timothy fosu-mensah replaces frimpong,frimpong,en,2023-03-19T20:03:28Z,neutral
"the main area that bayerleverkusen have lent on since the former spain midfielder's arrival is a simple one, using the lightning pace of frimpong and diaby on the flanks, both of whom look renewed since alonso took charge",frimpong,en,2023-03-20T13:00:35Z,positiv
"we imagined ourselves in a different position going into it."" bayern had to rely on goalkeeper yann sommer to deny demirbay, then alphonso davies to clear from the lurking frimpong in the early stages",frimpong,en,2023-03-20T21:20:28Z,NA
ronald koeman launched a scathing assessment of frimpong's defensive abilities when explaining his omission from the squad for holland's upcoming euro qualifiers,frimpong,en,2023-03-22T10:35:51Z,negativ
"ronald koeman has made an undiplomatic return, saying he overlooked frimpong - an alternative to the suspended denzel dumfries - because he cannot defend",frimpong,en,2023-03-24T07:23:27Z,negativ
"declan rice continues to be linked with a move to united,\xawhile\xajeremie frimpong and axel disai (opens in new tab) could arrive at right-back and centre-back respectively",frimpong,en,2023-04-01T11:54:19Z,NA
"also, frimpong, wirtz and sardar azmoun scored for bayerleverkusen to ease to a - win at schalke",frimpong,en,2023-04-01T15:53:07Z,NA
"bayerleverkusen handed schalke their first defeat in nine matches, winning - away thanks to second-half goals from frimpong, wirtz and sardar azmoun",frimpong,en,2023-04-01T19:24:43Z,positiv
" ""transfer centre tuesday april :, uk manchester united are interested in bayerleverkusen right-back frimpong, according to sky germany",frimpong,en,2023-04-03T17:43:00Z,NA
"transfer talk brings you all the latest buzz on rumours, comings, goings and, of course, done deals! manchester united have begun talks with the representatives of bayerleverkusen wing-back frimpong, according to sky sports deutschland",frimpong,en,2023-04-03T22:35:02Z,NA
"with arthur slated to step in eventually to replace frimpong, the question has to be asked how do the two players compare? two things stand out, while frimpong is the better dribbler per minutes ( vs .), arthur is the more accurate crosser (.% vs .%)",frimpong,en,2023-04-04T04:20:44Z,NA
" celtic could be set for a cash boost from the sell-on clause in the deal that took frimpong to bayerleverkusen, with manchester united interested in the netherlands right-back",frimpong,en,2023-04-04T07:13:27Z,NA
"frimpong, who formerly played for man city and celtic before moving to germany, has recorded\xaeight goals and nine assists from full-back this year",frimpong,en,2023-04-04T11:07:06Z,NA
(calciomercato - in italian)external-link barcelona and bayern munich have followed manchester united in meeting with frimpong's agent over a potential move from bayerleverkusen this summer,frimpong,en,2023-04-06T22:05:52Z,NA
"frimpong: manchester united are looking at a PSmillion move for the dutch full-back, , from bayerleverkusen but face competition from barcelona and bayern munich, reports journalist fabrizio romano",frimpong,en,2023-04-07T06:22:07Z,NA
"(legalsportsbooks.com)external-link manchester united, bayern munich and barcelona are in a three-way battle for bayerleverkusen\'s frimpong - with celtic due % of the fee",frimpong,en,2023-04-07T07:22:13Z,NA
the other player on united's radar is bayerleverkusen's right-back frimpong,frimpong,en,2023-04-07T12:33:31Z,NA
" bayerleverkusen have 'taken precautions' in case frimpong leaves the club amid interest from manchester united, bayern munich and barcelona",frimpong,en,2023-04-07T13:11:21Z,NA
(nm) april - man utd become front-runner for long-time ten hag target frimpong netherlands youth international frimpong could hop back to manchester for a different color jersey than his youth days,frimpong,en,2023-04-09T13:05:49Z,NA
"with pavard\'s standing in the bayern team likely to be under added threat upon frimpong\'s arrival, that could create a suitable plan b for man united, with various outlets already reporting that the -year-old could leave the allianz arena",frimpong,en,2023-04-10T00:05:42Z,NA
"united have held meetings with representatives of players, such as bayerleverkusen right-back frimpong, and their priority remains a striker, then midfielder, centre-back, right-back and possibly a goalkeeper",frimpong,en,2023-04-10T13:24:05Z,NA
"the hosts spurned chances to level, with frimpong heading wide from close range, before wirtz found the bottom corner from sardar azmoun's pass",frimpong,en,2023-04-13T21:22:35Z,negativ
manchester united target frimpong has hinted at a possible summer move to old trafford by admitting his future at bayerleverkusen remains unclear,frimpong,en,2023-04-14T14:48:15Z,NA
" manchester united are said to have held talks with the representatives for bayerleverkusen right back frimpong amidst plans for a fire sale of defenders in the upcoming transfer window, according to reports",frimpong,en,2023-04-19T16:09:16Z,NA
"the german outfit stormed to a - victory on aggregate after goals from diaby, frimpong, adam hlozek and bakker earned them a win in the second-leg in belgium",frimpong,en,2023-04-20T20:52:37Z,NA
"bayerleverkusen has reached the semifinal of a european competition by beating belgian side union saint-gilles - (- on aggregate) on thursday thanks to goals by diaby ('), bakker ('), frimpong (') and adam hlozek (')",frimpong,en,2023-04-20T22:27:28Z,NA
morris then played the ball straight to frimpong who fired it straight back past the luxembourg international after minutes,frimpong,en,2023-04-21T00:03:57Z,NA
"under pressure from bakker, the keeper sent the ball straight into the path of frimpong who only had to kick it into the empty goal",frimpong,en,2023-04-21T03:51:46Z,NA
"timo werner, dominik szoboszlai and christopher nkunku all went close for leipzig, which pushed hard for an equalizer until szoboszlai conceded the penalty in the th for bringing down frimpong",frimpong,en,2023-04-23T18:02:54Z,negativ
"players used in the final:\xacraig holloway, alex bailey, sebastian svard, ryan garry, nicky nicolau, moritz volz, steve sidwell, rohan ricketts, jerome thomas, jermaine pennant, frimpong aliadiere, michael jordan, justin hoyte, ben chorley, stephen santry, jermaine brown, carlin itonga arsenal - liverpool\xa sunu, wilshere (pen), watt, emmanuel-thomas liverpool - arsenal watt, ayala (o.g.) arsenal win - on aggregate the last time we lifted the youth cup was years ago, meaning jack wilshere is bidding to bring the trophy back to n after his on-field performance helped us claim it in against liverpool",frimpong,en,2023-04-24T08:14:00Z,NA
"as reported by rmc sport, bayerleverkusen's frimpong has also emerged as one of the targets for the old trafford club alongside vanderson",frimpong,en,2023-04-28T06:36:10Z,NA
"luke shaw remains at left back, and though there is reported interest in right backs like denzel dumfries of inter milan and bayerleverkusen's frimpong, those deals may have to wait until future transfer windows, given ffp restrictions",frimpong,en,2023-05-04T18:01:58Z,NA
the red devils have been linked with bayerleverkusen star frimpong - who has a staggering nine goals from right back - and his representatives are thought to have been encouraged after talks with the red devils,frimpong,en,2023-05-24T11:33:33Z,NA
"after jumping to third place in the bundesliga in -, the club warded off potential suitors to maintain an exciting, young roster core -- attackers diaby, wirtz and patrik schick, wing-backs frimpong and mitchell bakker, etc",frimpong,en,2023-05-24T11:20:50Z,NA
assisted by frimpong,frimpong,en,2023-05-18T21:09:58Z,NA
"they then ousted competition debutants union saint-gilloise in the quarterfinals, a - home draw followed by a - win in brussels with goals from diaby, bakker, frimpong and adam hlozek",frimpong,en,2023-05-17T17:55:40Z,NA
one of them has been speed from the left that can match what frimpong and timothy fosu-mensah have produced from the right-back position,frimpong,en,2023-05-17T00:00:19Z,NA
"steidten is credited as having played a key role in the acquisitions of several young talents at the club, such as edmond tapsoba, frimpong and hincapie",frimpong,en,2023-05-16T12:22:18Z,NA
"marcel sabitzer could return to bayern munich at the end of his old trafford loan spell harry kane has been heavily linked with a move to old trafford as united target a forward furthermore, the report states that man united 'are open to strengthening at right-back', with previous links to the likes of denzel dumfries and frimpong",frimpong,en,2023-05-12T10:37:21Z,NA
frimpong failed to capitalize on roma goalkeeper rui patricio's blunder in a clear chance to equalize,frimpong,en,2023-05-11T22:06:19Z,NA
"only once did the roma defense look like buckling, patricio spilling a regulation cross that landed at the feet of frimpong",frimpong,en,2023-05-11T21:21:55Z,NA
the ball fell to frimpong,frimpong,en,2023-05-11T20:55:12Z,NA
"""i think i am at the level i was at before, in some areas, maybe even playing a little better,"" he told cbs sports in an exclusive interview alongside teammate frimpong",frimpong,en,2023-05-10T15:19:55Z,NA
"""when he first came we were all down,"" says frimpong",frimpong,en,2023-05-10T11:04:33Z,neutral
"it seems that ""citing gun research without bothering to read it first"" is no longer an affliction specific to judge ho! george washington university law school gadfly tah turley watched the state of the union last night and has some thoughts on the prospect of an assault weapons ban to share",tah,en,2023-02-08T21:46:59Z,NA
"(mirror)external-link liverpool and newcastle have held talks over a possible move for bayerleverkusen and germany centre-back tah, ",tah,en,2023-02-10T22:36:59Z,NA
"what made so much of world jewry--ashkenazim, sephardim, and mizrahim alike--accept and support the messiahship of shabbtai tzvi and the prophethood of nathan of gaza? what accounts for the reflorescence of mysticism among jewry just as the rationalistic enlightenment was set to dawn in europe? the chmielnicki massacres, which became known as the evil decrees of - (gzeirot tah v'tat), were construed as the cataclysmic events--the birth pangs of messiah (hevlei moshiah)--traditionally believed to usher in the messianic era",tah,en,2023-02-15T11:15:52Z,NA
"there are three issues in particular where this inching toward the center has been clearest in recent weeks, our tah lemire and daniella diaz write, and where biden's recent posturing has ticked off some of his most progressive supporters: in each of those areas, the biden administration has taken positions that are at odds with some of the loudest and most influential voices in his coalition (and which seem to make it much harder to follow through on some of his campaign promises)",tah,en,2023-03-17T10:16:11Z,NA
tah replaces diaby,tah,en,2023-03-19T20:03:28Z,NA
"with\xakalaba having departed after making\xathis one, and original member tah van herik back in the band, perhaps they will blow it all up and start building\xaa\xatotally new menacing high-rise",tah,en,2023-04-07T14:12:31Z,NA
"programs such as utah, nc state and san diego state have risen in their respective conferences because of their strength on defense",tah,en,2023-04-26T11:24:16Z,NA
"(mirror)external-link newcastle united have rekindled their interest in bayerleverkusen\'s france winger diaby, , and dutch left-back bakker, ",bakker,en,2023-03-18T22:47:16Z,NA
bakker (bayerleverkusen) left footed shot from the centre of the box is saved in the centre of the goal,bakker,en,2023-03-19T20:03:28Z,NA
"the german outfit stormed to a - victory on aggregate after goals from diaby, frimpong, adam hlozek and bakker earned them a win in the second-leg in belgium",bakker,en,2023-04-20T20:52:37Z,positiv
"bayerleverkusen has reached the semifinal of a european competition by beating belgian side union saint-gilles - (- on aggregate) on thursday thanks to goals by diaby ('), bakker ('), frimpong (') and adam hlozek (')",bakker,en,2023-04-20T22:27:28Z,NA
bakker volleyed a second after minutes,bakker,en,2023-04-21T00:03:57Z,positiv
they added another goal on the break in the th with bakker volleying in at the far post before they were gifted a third on the hour courtesy of a big moris blunder,bakker,en,2023-04-21T03:51:46Z,NA
"andrich won the ball back deep in the right-back position and then it moved quickly, right to left; frimpong to adli to bakker, down the left channel to diaby, who held it up for a second, before picking out the onrushing adli to fire confidently home from the edge of the area",bakker,en,2023-05-08T09:00:32Z,NA
"they then ousted competition debutants union saint-gilloise in the quarterfinals, a - home draw followed by a - win in brussels with goals from diaby, bakker, frimpong and adam hlozek",bakker,en,2023-05-17T17:55:40Z,NA
"in comparison, sinkgraven has scored two assists in bundesliga games and bakker has collected four goals and two assists in games across all competitions",bakker,en,2023-05-17T00:00:19Z,NA
"gregor kobel, as always, did his bit to earn that - with one particularly outstanding save from diaby - but bvb felt more organised than has been habitual",diaby,en,2023-01-30T12:47:22Z,positiv
diaby went closest for bayerleverkusen when he struck the post in a scrappy first half,diaby,en,2023-02-03T21:46:20Z,negativ
"bayerleverkusen's french forward diaby had augsburg goalkeeper rafal gikiewicz beaten in the th minute, but his a floating strike hit the upright",diaby,en,2023-02-03T22:00:51Z,neutral
diaby (bayerleverkusen):,diaby,en,2023-02-06T20:34:41Z,neutral
"along with top scorer diaby, wirtz will be key in this tie against a monaco team who are buoyant following saturday's home win over ligue leaders paris saint-germain",diaby,en,2023-02-14T12:45:00Z,NA
diaby slotted home through the legs of 'keeper alexander nuebel to level before teenager wirtz scored a superb solo goal,diaby,en,2023-02-16T19:46:00Z,NA
diaby slotted home through the legs of keeper alexander nuebel to level before teenager wirtz scored a superb solo goal,diaby,en,2023-02-16T22:18:08Z,NA
but diaby and wirtz struck after the break to flip the game on it's head and lead - by minutes,diaby,en,2023-02-16T23:15:39Z,positiv
"bayerleverkusen winger diaby (rm, ) was the only notable one, and set you back around , fifa coins as of thursday, february ",diaby,en,2023-02-17T18:38:14Z,NA
monaco midfielder eliot matazo hit the bar in the second round of spot-kicks and winger diaby sealed victory for the german side and sent them through to the last,diaby,en,2023-02-23T20:50:50Z,NA
"(jpw) -- arsenal (@arsenal) january , -- fabrizio romano (@fabrizioromano) january , arsenal are being linked with wingers galore at the moment and it appears bayerleverkusen's diaby is the latest target",diaby,en,2023-02-25T16:02:07Z,NA
"though wirtz favours the intricate, frimpong and diaby prefer to have space to run into",diaby,en,2023-03-03T10:51:00Z,neutral
"diaby, wirtz and frimpong starred for bayerleverkusen as it bounced back from two league games without a win with a convincing display of attacking soccer",diaby,en,2023-03-05T16:39:23Z,NA
"sardar azmoun and frimpong handed bayerleverkusen a two-goal lead inside the opening minutes, with diaby adding a third after the break",diaby,en,2023-03-05T18:42:00Z,NA
wirtz\'s spectacular assist for diaby to score bayerleverkusen\'s third in a - win was proof of the -year-old\'s exceptional abilities,diaby,en,2023-03-05T19:18:00Z,NA
arsenal is reportedly looking to add diaby to their squad by the end of this season and have been in talks with his entourage,diaby,en,2023-03-11T22:15:00Z,NA
"(football insider)external-link arsenal have been monitoring france winger diaby, , for the past two years at bayerleverkusen, but there could also be interest from newcastle and paris st-germain",diaby,en,2023-03-12T23:24:12Z,NA
"if diaby moves to london at the end of this season, it might seem the gunners only just made the decision to add him to their squad",diaby,en,2023-03-13T08:00:00Z,NA
" arsenal manager arteta is seeking to close a deal before newcastle can hold talks with the player mikel arteta's long-running pursuit of bayerleverkusen wonderkid diaby finally looks set to bear fruit, with the winger keen on a switch to the gunners this summer",diaby,en,2023-03-13T10:25:02Z,NA
"forwards: kingsley coman (bayern munich), olivier giroud (ac milan), antoine griezmann (atletico), randal kolo muani (frankfurt), kylian mbappe (psg), marcus thuram (monchengladbach), diaby (bayerleverkusen)",diaby,en,2023-03-16T14:14:47Z,NA
"___ france squad: goalkeepers: mike maignan (ac milan), alphonse areola (west ham), brice samba (lens) defenders: theo hernandez (ac milan), jules kounde (barcelona), benjamin pavard (bayern munich), wesley fofana (chelsea), dayot upamecano (bayern munich), eduardo camavinga (real madrid), william saliba (arsenal), ibrahima konate (liverpool) midfielders: adrien rabiot (juventus), aurelien tchouameni (real madrid), youssouf fofana (monaco), khephren thuram (nice), jordan veretout (marseille) forwards: kylian mbappe (paris saint-germain), olivier giroud (ac milan), antoine griezmann (atletico madrid), diaby (bayerleverkusen), randal kolo muani (eintracht frankfurt), kingsley coman (bayern munich), marcus thuram (borussia monchengladbach) ___ more ap soccer: and  ",diaby,en,2023-03-16T14:29:04Z,NA
"___ france squad: goalkeepers: mike maignan (ac milan), alphonse areola (west ham), brice samba (lens) defenders: theo hernandez (ac milan), jules kounde (barcelona), benjamin pavard (bayern munich), wesley fofana (chelsea), dayot upamecano (bayern munich), eduardo camavinga (real madrid), william saliba (arsenal), ibrahima konate (liverpool) midfielders: adrien rabiot (juventus), aurelien tchouameni (real madrid), youssouf fofana (monaco), khephren thuram (nice), jordan veretout (marseille) forwards: kylian mbappe (paris saint-germain), olivier giroud (ac milan), antoine griezmann (atletico madrid), diaby (bayerleverkusen), randal kolo muani (eintracht frankfurt), kingsley coman (bayern munich), marcus thuram (borussia monchengladbach) ___ more ap soccer: and anyone can read conversations, but to contribute, you should be a registered torstar account holder",diaby,en,2023-03-16T14:30:04Z,NA
"bayerleverkusen recorded a second - victory against ferencvaros, earning a - aggregate scoreline, with diaby and adli netting for the bundesliga side",diaby,en,2023-03-16T22:41:00Z,NA
"full france squad: goalkeepers: mike maignan (ac milan), alphonse areola (west ham united), brice samba (lens) defenders: theo hernandez (ac milan), jules kounde (barcelona), benjamin pavard (bayern munich), wesley fofana (chelsea), dayot upamecano (bayern munich), eduardo camavinga (real madrid), william saliba (arsenal), ibrahima konate (liverpool) midfielders: adrien rabiot (juventus), aurelien tchouameni (real madrid), youssouf fofana (monaco), khephren thuram (nice), jordan veretout (marseille) forwards: kylian mbappe (paris saint-germain), olivier giroud (ac milan), antoine griezmann (atletico madrid), diaby (bayerleverkusen), randal kolo muani (eintracht frankfurt), kingsley coman (bayern munich), marcus thuram (borussia monchengladbach)'} ",diaby,en,2023-03-16T23:35:07Z,NA
"forwards: kingsley coman (bayern munich), olivier giroud (ac milan), antoine griezmann (atletico madrid), randal kolo muani (eintracht frankfurt), kylian mbappe (paris saint germain), marcus thuram (borussia monchengladbach), diaby (bayern bayerleverkusen)",diaby,en,2023-03-17T05:00:41Z,NA
"(mirror)external-link newcastle united have rekindled their interest in bayerleverkusen\'s france winger diaby, , and dutch left-back bakker, ",diaby,en,2023-03-18T22:47:16Z,NA
"club academy produce such as adrien rabiot (juventus and france), christopher nkunku (joining chelsea from rb leipzig and also a france international), diaby (bayerleverkusen and france), mike maignan (ac milan and france), alphonse areola (west ham united and france), tah ikone (fiorentina and france), tim weah (lille osc and the usmnt), and xavi simons (psv eindhoven and the netherlands) are excelling elsewhere -- notably internationally",diaby,en,2023-03-19T18:32:45Z,NA
tah replaces diaby,diaby,en,2023-03-19T20:03:28Z,NA
"the main area that bayerleverkusen have lent on since the former spain midfielder's arrival is a simple one, using the lightning pace of frimpong and diaby on the flanks, both of whom look renewed since alonso took charge",diaby,en,2023-03-20T13:00:35Z,NA
arsenal has chased diaby for much of the last two years if you follow the rumour mill,diaby,en,2023-03-23T17:00:00Z,NA
"adrien rabiot tries a through ball, but diaby is caught offside.""} ",diaby,en,2023-03-24T21:49:45Z,NA
"only a fine cillessen save from a konate header stopped france from scoring again before the break, and substitute diaby then had a goal disallowed late on",diaby,en,2023-03-24T22:26:23Z,NA
"bazunu made strong saves from sub diaby and rabiot, but this irish side did not lie down and a triple substitution on minutes, and a tactical switch which saw coleman move inside to give space out wide to sub alan browne, injected some life into kenny's team",diaby,en,2023-03-27T20:37:20Z,NA
"republic of ireland:\xagavin bazunu; nathan collins, john egan, dara o'shea (alan browne, '); seamus coleman (captain); josh cullen, jason knight, (mikey johnston, ') jayson molumby (michael obafemi, '); matt doherty (james mcclean, '); evan ferguson (adam idah, '), chiedozie ogbene france:\xamike maignan; benjamin pavard (jules kounde, '), ibrahima konate, dayot upamecano, theo hernandez; eduardo camavinga, adrien rabiot (aurelien tchouameni, '); randal kolo muani, antoine griezmann, kylian mbappe (captain); olivier giroud (diaby, ') referee:\xaartur dias (por) the journal publishes the biggest breaking news in irish and international sport but for all of the 's insightful analysis and sharp sportswriting, subscribe\xahere",diaby,en,2023-03-27T20:58:51Z,NA
"diaby tested bazunu's resolve with a swerving th-minute effort and the southampton keeper repelled rabiot's attempt from distance six minutes later, but molumby and substitutes james mcclean and alan browne all went close to an equaliser in a tense conclusion",diaby,en,2023-03-27T20:59:27Z,NA
"diaby tested bazunu's resolve with a swerving th-minute effort and the southampton keeper repelled rabiot's attempt from distance six minutes later, but molumby and the substitutes james mcclean and alan browne all went close to an equaliser in a tense conclusion",diaby,en,2023-03-27T21:17:13Z,NA
"ireland upped the pressure in the final minutes after france had failed to double their advantage through adrien rabiot and diaby and they thought they had an equaliser through nathan collins, only for the defender\'s header to be tipped away from under the bar by maignan",diaby,en,2023-03-27T21:26:06Z,NA
"by the time diaby was introduced in the th minute, all of the momentum had swung in ireland's favor",diaby,en,2023-03-27T22:57:31Z,NA
"congratulations to the squad."" deschamps made three changes to the team who started against the netherlands, with eduardo camavinga in midfield instead of aurelien tchouameni while olivier giroud was fielded as a lone striker with randal kolo muani sliding to the right flank and pushing kingsley coman to the bench.in defence, pavard, who did not play at the world cup after a terrible match against australia, was back as right back instead of jules kounde and he made his presence count.france got off to a lively start and got a good chance in the ninth minute when kolo muani burst into the area, only to opt not to shoot and try to find giroud with a back heel.it was les bleus\'s only decent opportunity in the opening half as they lacked creativity against an irish side aware of kylian mbappe\'s speed and happy to sit back and wait.pavard, however, broke the deadlock five minutes into the second half with an -metre shot that went under the bar after he had intercepted a poor pass from josh cullen to jason knight.ireland upped the pressure in the final minutes after france had failed to double their advantage through adrien rabiot and diaby and they thought they had an equaliser through nathan collins, only for the defender's header to be tipped away from under the bar by maignan.""mike is mike",diaby,en,2023-03-28T04:26:11Z,NA
"with forwards patrik schick and adam hlozek injured, the wingers stepped up for bayerleverkusen as adli and diaby both scored, before a third goal from sardar azmoun deep into stoppage time",diaby,en,2023-04-08T15:42:02Z,NA
"maignan joined psg in his early teens and his development has seen him added to the list of ones that got away from france's biggest club which includes the likes of bayern munich's kingsley coman, chelsea-bound christopher nkunku and bayerleverkusen winger diaby",diaby,en,2023-04-12T12:42:21Z,NA
" arsenal are said to be keeping tabs on pacey french winger diaby, according to reports, as the north london club prepares to compete against interest from paris saint-germain and newcastle in the upcoming transfer window",diaby,en,2023-04-13T15:26:24Z,NA
arsenal are said to be keeping tabs on pacey french winger diaby as the north london club prepare to compete against paris saint-germain and newcastle in the upcoming transfer window,diaby,en,2023-04-13T21:30:00Z,NA
"to achieve this, they need to add top players to their squad and one man on their radar now is bayerleverkusen's diaby",diaby,en,2023-04-13T22:30:00Z,NA
he is the third opponent of diaby dadis camara\'s former regime to testify at the conakry stadium massacre trial,diaby,en,2023-04-15T10:31:10Z,NA
"according to\xalesport (opens in new tab), arteta is interested in bringing young bayerleverkusen star diaby to the emirates stadium as he looks to add genuine quality to an already stacked frontline",diaby,en,2023-04-20T12:11:24Z,NA
"the german outfit stormed to a - victory on aggregate after goals from diaby, frimpong, adam hlozek and bakker earned them a win in the second-leg in belgium",diaby,en,2023-04-20T20:52:37Z,NA
"bayerleverkusen has reached the semifinal of a european competition by beating belgian side union saint-gilles - (- on aggregate) on thursday thanks to goals by diaby ('), bakker ('), frimpong (') and adam hlozek (')",diaby,en,2023-04-20T22:27:28Z,NA
"on thursday, their hopes of a repeat began to fade after seconds, as diaby pounced on some poor defending and rounded goalkeeper anthony moris",diaby,en,2023-04-21T00:03:57Z,NA
"""obviously the early first goal by diaby was very helpful",diaby,en,2023-04-21T03:51:46Z,NA
hlozek scored five minutes before the break when andrich played a perfectly weighted through ball for diaby to race onto on the right,diaby,en,2023-04-23T18:02:54Z,NA
"mason mount is an option in midfield, with juventus star dusan vlahovic and bayerleverkusen's diaby rumoured in the attack",diaby,en,2023-04-24T08:24:32Z,NA
"mason mount is an option in midfield, with\xajuventus star dusan vlahovic\xaand\xabayer bayerleverkusen\'s diaby\xarumoured in the attack",diaby,en,2023-04-24T10:04:29Z,NA
"mason mount is an option in midfield, with\xajuventus star dusan vlahovic\xaand\xabayer bayerleverkusen's diaby\xarumoured in the attack",diaby,en,2023-04-25T12:00:31Z,NA
"bst: ac milan\'s priority target this summer is bayerleverkusen forward diaby, says foot mercato",diaby,en,2023-04-25T22:35:23Z,NA
bayerleverkusen is preparing for life without arsenal target diaby as the gunners eye a summer move for the frenchman,diaby,en,2023-04-30T15:00:00Z,NA
"andrich won the ball back deep in the right-back position and then it moved quickly, right to left; frimpong to adli to bakker, down the left channel to diaby, who held it up for a second, before picking out the onrushing adli to fire confidently home from the edge of the area",diaby,en,2023-05-08T09:00:32Z,NA
diaby has been one of the finest wingers in europe in the last few seasons and continues to do well when he plays for bayerleverkusen,diaby,en,2023-05-06T14:30:00Z,NA
"caicedo would likely cost more than PS m, diaby might be too expensive as well, zaha is too old to be our winger and guehi's abilities seem too similar to white's i'd be surprised if they just rely on jesus, balogun and trossard for the cf position there is a few options, ndicka is a quality defender from german league, free and would defo upgrade on rob holding who could be sold for a few million along with taveres",diaby,en,2023-05-06T07:30:10Z,NA
"talks are ongoing over his future but it would be no surprise if he also departed, especially with arsenal targeting a high-class winger (it is understood they are among the clubs to have registered an interest in bayerleverkusen's diaby)",diaby,en,2023-05-06T01:30:00Z,NA
"arsenal are also said to be interested in brighton\'s moises caicedo, bayerleverkusen winger diaby, and crystal palace defender marc guehi",diaby,en,2023-05-05T23:35:55Z,NA
selke headed cologne into the lead in the th minute but bayerleverkusen leveled in the th when adli was left unmarked to run onto a pass from diaby and blast the ball past the goalkeeper,diaby,en,2023-05-05T20:49:03Z,NA
" ""editions: en/football/real-madrid if the belgian leaves during the week, english media reported madrid's interest in diaby, a forward whose area of influence is the right flank, but who is not averse to occupying any position up front",diaby,en,2023-05-05T14:40:41Z,NA
bayerleverkusen star diaby has attracted admirers this season with his performances in germany,diaby,en,2023-05-05T11:23:21Z,NA
"rice is a key target, but arsenal may revive interest in brighton's moises caicedo, with bayerleverkusen's diaby and crystal palace's marc guehi among players they are also looking at",diaby,en,2023-05-05T06:09:01Z,NA
"among the options to replace the fifa world cup winner are olise, rayan cherki, bernardo silva, and diaby",diaby,en,2023-05-04T23:32:30Z,NA
bayerleverkusen forward diaby is believed to be of serious interest to arsenal his link-up play has gained plaudits as he has helped transform his side from missing out on the championsleague to genuine title contenders in a matter of months,diaby,en,2023-05-04T18:00:08Z,NA
"but other than rice, they also say that the bayerleverkusen forward diaby is believed to be of serious interest to the gunners to improve our forward line even more, and allow saka and martinelli to get more rest for the rigours of our championsleague challenge",diaby,en,2023-05-04T17:30:00Z,NA
"so was another france international, bayerleverkusen winger diaby",diaby,en,2023-05-04T15:16:05Z,NA
"the players include crystal palace forward wilfried zaha and defender marc guehi, bayerleverkusen forward diaby and west ham's england midfielder declan rice",diaby,en,2023-05-04T06:28:32Z,NA
"it is thought that mikel arteta would not stand in xhaka's way if he wanted to leave - and may be used as part of a swap deal, with the gunners also reportedly keen on\xaleverkusen winger diaby",diaby,en,2023-05-29T08:25:56Z,NA
"this, after all, is a club who have been stung by the decision to let so many prospects leave in recent years, from kingsley coman and adrien rabiot to diaby, christopher nkunku and mike maignan",diaby,en,2023-05-28T10:08:04Z,NA
"then we have the targets.\xa \xathe more knowledgable of writers tends to be precise (the athletic for example offering declan rice, moises caicedo in mid-field and diaby from bayerleverkusen) on the wing",diaby,en,2023-05-26T06:47:36Z,NA
"the likes of midfielders manu kone (borussia monchengladbach) and kephren thuram (nice), forwards randall kolo muani (eintracht frankfurt), diaby (bayerleverkusen), playmaker rayan cherki (lyon) or defender evan n'dicka (frankfurt) are all on the list",diaby,en,2023-05-24T18:05:45Z,NA
"after jumping to third place in the bundesliga in -, the club warded off potential suitors to maintain an exciting, young roster core -- attackers diaby, wirtz and patrik schick, wing-backs frimpong and mitchell bakker, etc",diaby,en,2023-05-24T11:20:50Z,NA
" manchester united are keeping tabs on bayerleverkusen star diaby in an effort to lure the frenchman to old trafford this summer, according to reports",diaby,en,2023-05-23T14:51:22Z,NA
"in such circumstances, the monitoring of diaby and raphinha makes sense; with a championsleague campaign around the corner, he will need to have time off",diaby,en,2023-05-23T13:01:30Z,NA
"the gunners are also interested in bayerleverkusen winger diaby and crystal palace defender marc guehi.""} ",diaby,en,2023-05-23T10:41:23Z,NA
"in that list, bayerleverkusen winger mousa diaby was featured",diaby,en,2023-05-21T11:00:00Z,NA
forward diaby perhaps came closest to that elusive goal for bayerleverkusen but his effort hit the crossbar,diaby,en,2023-05-19T10:42:41Z,NA
diaby rattled the crossbar with a powerful shot in the th minute and demirbay\'s low drive in the st was saved by goalkeeper rui patricio,diaby,en,2023-05-19T03:55:20Z,NA
alonso's bayerleverkusen threw everything at roma in a bid to level matters on aggregate but the closest they came was a powerful shot from diaby in the th minute that hit the bar,diaby,en,2023-05-18T22:24:48Z,NA
bayerleverkusen forward diaby hit the crossbar early and roma goalkeeper rui patricio was busy at times but roma's defence held firm,diaby,en,2023-05-18T21:47:38Z,NA
"diaby let a shot go from, but it met the corner where the post meets the crossbar",diaby,en,2023-05-18T21:41:41Z,NA
"bayerleverkusen forward diaby hit the crossbar early and roma goalkeeper rui patricio was busy at times but roma's defense held firm, despite the team rarely venturing forward and managing just one effort on goal in the entire game",diaby,en,2023-05-18T21:27:58Z,NA
"diaby struck the crossbar for alonso\'s bayerleverkusen side in the first half of the second leg, but they could not find the breakthrough",diaby,en,2023-05-18T21:09:58Z,NA
"they then ousted competition debutants union saint-gilloise in the quarterfinals, a - home draw followed by a - win in brussels with goals from diaby, bakker, frimpong and adam hlozek",diaby,en,2023-05-17T17:55:40Z,NA
"the gunners have been linked with several players including declan rice, wilfried zaha, diaby, moises caicedo and marc guehi",diaby,en,2023-05-17T17:05:00Z,NA
"they may be able to offer a greater first team role than arsenal, who are looking to strengthen their frontline and have bayerleverkusen wide man diaby high on their list of targets",diaby,en,2023-05-17T10:32:54Z,NA
that is likely to take the form of a versatile forward who can play across the frontline with diaby and mohammed kudus figuring prominently among the players they are considering,diaby,en,2023-05-16T17:32:33Z,NA
"""we have to live with the emotion that we have right now, that we fell short, and it wasn't good enough."" mason mount is an option in midfield, with\xajuventus star dusan vlahovic\xaand\xabayer bayerleverkusen\'s diaby\xarumoured in the attack",diaby,en,2023-05-16T15:00:00Z,NA
"in addition to rice and caicedo, crystal palace defender marc guehi and bayerleverkusen attacker diaby are among the players on the gunners' radar",diaby,en,2023-05-16T09:14:38Z,NA
"in addition to rice, crystal palace defender marc guehi and bayerleverkusen attacker diaby are among the players on the gunners' radar",diaby,en,2023-05-15T18:29:53Z,neutral
"he wants saka to be capable of playing more than games a season but it would surely do no harm if someone of comparable gifts, maybe bayerleverkusen's diaby, were ready to start at least a third of them",diaby,en,2023-05-15T14:57:27Z,NA
"the magpies have also been tracking teammate diaby, and could make a formal approach, with bayerleverkusen willing to let the -year-old leave for PSm amid further interest from paris saint-germain and arsenal",diaby,en,2023-05-12T23:20:15Z,NA
newcastle have also been tracking bayerleverkusen's france international diaby and are understood to have registered their interest in both players some time ago,diaby,en,2023-05-12T11:21:12Z,NA
"for arsenal, mason mount is an option in midfield, with\xajuventus star dusan vlahovic\xaand\xabayer bayerleverkusen\'s diaby\xarumoured in the attack",diaby,en,2023-05-12T11:00:00Z,NA
"bayerleverkusen's -year-old winger diaby has emerged as a possible summer target for arsenal, according to the standard",diaby,en,2023-05-12T06:08:08Z,NA
"(athletic - subscription required)external-link newcastle united will face competition from paris st-germain for bayerleverkusen winger diaby, with the german club wanting at least m euros for the france international, ",diaby,en,2023-05-11T21:39:20Z,NA
"transfer centre plus: arsenal to face competition from psg for bayerleverkusen winger diaby; emiliano martinez is ready to quit aston villa this summer; wolves are hopeful ruben neves will not leave on a free transfer despite sustained interest from man utd, arsenal and barcelona thursday may :, uk please use chrome browser for a more accessible video player all the top stories and transfer rumours from friday\'s newspapers..",diaby,en,2023-05-11T21:30:00Z,NA
"early on bayerleverkusen looked like they might have the guile to prise their hosts apart, their intricate play swiftly taking themselves ultimately they produced what might have been the best of the match inside the first minute, diaby gliding from his perch on the right flank into midfield",diaby,en,2023-05-11T21:21:55Z,NA
"west ham midfielder declan rice is believed to be a top target, though they will likely face competition from the likes of manchester united and liverpool, while bayerleverkusen forward diaby is also on their radar",diaby,en,2023-05-10T17:23:37Z,neutral
"some of bayerleverkusen\'s early season difficulties were the result of individual errors from otherwhile reliable performers, a little from finishing variance at both ends of the pitch, particularly some off form from the likes of patrik schick and diaby",diaby,en,2023-05-10T11:04:33Z,NA
"bayerleverkusen can even offer the gunners diaby in return, according to the report.\xalesport linked diaby with a move to north london weeks ago - while a report from the outlet three years ago first mentioned arsenal\'s interest in the winger",diaby,en,2023-05-09T14:02:58Z,NA
arsenal are reportedly planning a swap deal involving granit xhaka and diaby,diaby,en,2023-05-09T13:30:00Z,NA
"diaby dembele: aston villa, leeds and west ham have been linked with a move for the french forward, , from lyon",diaby,en,2023-05-09T07:12:39Z,NA
"meanwhile,\xachelsea\xastar mudryk - who turned down arsenal in the winter window -\xahas addressed his supposed unhappiness at stamford bridge",mudryk,en,2023-03-15T16:33:26Z,NA
"chelsea operate a big squad - typically loaning out large numbers of first team players as well as prospects from the academy - so integrating a half dozen new recruits, including EURm man enzo fernandez, mudryk (EURm) and joao felix (on loan from atletico madrid) into a team that already had seen seven major additions last summer, has complicated things even further",mudryk,en,2023-03-18T14:14:39Z,NA
" liverpool transfer news, live! latest reports, rumors, updates -- fabrizio romano (@fabrizioromano) march , (jpw)chelsea completed transfers - january windowinsbenoit badiashile - monaco ($ million) david datro fofana - molde ($ million) andrey santos - vasco da gama ($ million) mykhailo mudryk - shakhtar donetsk ($ million) noni madueke - psv eindhoven ($ million) malo gusto - lyon ($",mudryk,en,2023-03-19T14:59:38Z,NA
"""for example, for mykhailo mudryk, arsenal submitted an PSm bid for him, but chelsea bid PSm",mudryk,en,2023-03-20T14:32:33Z,NA
"it's one of the possibilities considered by the club as @mattemoretto has reported  #lufc :speech_balloon: ""it's huge for me that arsenal were interested and that i'm able to be here."" we\'re so happy to have you here, jakub :raising_hands: -- nbc sports soccer (@nbcsportssoccer) january , january - chelsea could snap up mudryk from under the noses of arsenalthis is absolutely bonkers",mudryk,en,2023-03-20T20:20:07Z,NA
january's transfer window saw manager mikel arteta pivot away from mudryk and moises caicedo to bring in leandro trossard of brighton & hove albion and jorginho of chelsea - with both providing instant impacts,mudryk,en,2023-03-22T12:11:05Z,NA
"ukraine gave as good as they got in the opening half hour with stones and walker part of the defence on hand to deny chelsea winger mudryk, marseille man ruslan malinovsky and club brugge forward roman yaremchuk",mudryk,en,2023-03-27T10:30:00Z,NA
"mudryk, preferred as one of potter's three forwards ahead of cristian pulisic, mason mount and conor gallagher, missed two glorious chances, while the decision not to send on mount in search of a goal was bizarre",mudryk,en,2023-04-01T19:03:11Z,NA
"""mudryk is not the finished article, he has potential,"" hasselbaink said on sky sports",mudryk,en,2023-04-01T20:56:06Z,positiv
"untold arsenal: supporting the club, the manager and the team ""i believe the target of anything in life should be to do it so well that it becomes an art."" a wenger how chelsea got mudryk wrong by bulldog drummond and yet they didn't",mudryk,en,2023-04-03T13:14:00Z,NA
"they have brought in raheem sterling, mudryk, and felix, who all do their best work from the left of the attack",mudryk,en,2023-04-03T18:44:00Z,NA
"january saw chelsea gazump their rivals for mudryk, while the season before, dusan vlahovic rejected them for juventus",mudryk,en,2023-04-05T15:45:57Z,NA
"admittedly chelsea were - down in the tie by the time raheem sterling, joao felix and mudryk came on to the pitch, having spent an hour playing with five defenders and three defensive midfielders, one of them installed as an assiduous and energetic no -cum-right-winger",mudryk,en,2023-04-18T22:38:33Z,NA
"despite the influx of players in west london, silva frequently makes the blues' starting xi new recruits joao felix, mudryk and raheem sterling were three of the boehly-era players to make an appearance at stamford bridge as the blues are said to be narrowing their focus to the appointment of julian nagelsmann as potter's long-term replacement, silva pointed out that a change in manager would not be a catch-all solution",mudryk,en,2023-04-19T08:05:31Z,neutral
"rb leipzig forward christopher nkunku will be joining the chelsea squad in the summer new recruits joao felix, mudryk and raheem sterling were three of the boehly-era players to make an appearance at stamford bridge conor gallagher is one of those likely to be sold on this summer as chelsea trim their squad he said: 'we had to increase the size of the changing room because it didn't fit the size of the squad",mudryk,en,2023-04-19T13:52:43Z,NA
"as recently as january, they were still in contact with the winger, according to sky sports (opens in new tab), viewing him as an alternative to mudryk",mudryk,en,2023-04-20T12:11:24Z,negativ
"the blues spent a staggering PS million in january alone, including a british record fee for enzo fernandez (PS million), PS million on mudryk, a PS million loan fee for joao felix's services as well as considerable fees for benoit badiashile, noni madueke and malo gusto",mudryk,en,2023-04-21T11:58:34Z,NA
"and it\'s been through a lot of very shrewd moves, some through the draft, some through trades and all kinds of different creative ways of player procurement."" meanwhile, chelsea have spent big in several players such as enzo fernandez, mudryk, noni madueke, benoit badiashile and david fofana",mudryk,en,2023-04-22T10:45:12Z,NA
"most recently, mudryk chose chelsea over the gunners and moises caicedo wasn't allowed to leave brighton & hove albion in january, while the summer before, lisandro martinez moved to manchester united over the north londoners, while pedro neto and douglas luiz were denied moves by their employers",mudryk,en,2023-04-25T12:00:31Z,NA
"rb leipzig\'s christopher nkunku will arrive this summer, and the club has added five players -- including raheem sterling and the extremely expensive mudryk -- via transfer, plus felix on loan",mudryk,en,2023-04-27T14:35:09Z,NA
"rather i am simply pointing out that spend-spend-spend does not mean success.\xa to see this we might look at the case of mudryk.\xa after the big fight to get him, it seems that chelsea have decided he can now leave the club in a swap deal with ac milan maybe for ruben loftus-cheek or kalidou koulibaly (according to the express) in / mudryk scored goals in games with shakhtar donetsk.\xa with chelsea, it has been goals in .\xa \xadid arsenal ever really want him?\xa personally, i think not, but others disagree.\xa he cost chelsea PS.m",mudryk,en,2023-05-01T08:19:08Z,NA
"however, having already spent hundreds of millions of pounds to acquire players like enzo fernandez, mudryk, wesley fofana, and joao felix, chelsea will need to focus on outgoings even more than incoming transfers this time around",mudryk,en,2023-05-02T01:25:40Z,NA
"and that is with mudryk who cost EUR.m, raheem sterling at EUR.m, noni madueke (EUR.m), pierre-emerick aubameyang (EUR.m), david datro fofana (EUR.m), and joao felix on loan for a hefty fee (of which no one is quite sure how much it is)",mudryk,en,2023-05-02T12:30:37Z,NA
"former chelsea star, nemanja matic, now at roma, thinks the club have an issue next season chelsea are in crisis and lost against arsenal on tuesday night amid a dismal run of form pochettino has been out of work since he parted ways with paris saint-germain he also pointed out that not all of those young stars, the likes of enzo fernandez, mudryk and noni madueke - who were all part of new owner todd boehly's PSm-plus spending spree since taking over - will develop at the same rate",mudryk,en,2023-05-03T05:39:53Z,NA
"mudryk chelsea's second most expensive buy of the season was mudryk, who snubbed interest from arsenal to complete a stunning PSm switch from shakhtar donetsk in january",mudryk,en,2023-05-05T14:58:51Z,NA
"lampard despaired after witnessing that but would have been more cheered by a mudryk burst that had united scrambling to clear, another opening the ukrainian might have prospered from, gallagher driving in behind and a hall attempt blocked",mudryk,en,2023-05-25T21:12:15Z,NA
"lampard despaired after that but would have been more cheered by a mudryk burst that had united scrambling to clear, another opening the ukrainian might have prospered from, gallagher driving in behind and a blocked hall attempt",mudryk,en,2023-05-25T21:06:59Z,NA
"but they are blessed with some highly-gifted young players such as reece james, noni madueke and mudryk and in mauricio pochettino, who will almost certainly be taking charge, they will have the perfect manger to begin a new project",mudryk,en,2023-05-22T04:53:01Z,NA
"the north londoners have operated stringently in recent seasons, refusing to overpay what they deem to be the true value of players such as mudryk and moises caicedo, opting instead for the likes of jorginho and leandro trossard",mudryk,en,2023-05-16T15:00:00Z,NA
"mateo kovacic could replace conor gallagher or n'golo kante while joao felix, raheem sterling, hakim ziyech and christian pulisic will all want to start ahead of mudryk or noni madueke after the bournemouth win",mudryk,en,2023-05-13T00:01:52Z,NA
"bayerleverkusen - follow @andyedmls liverpool transfer news, live! latest reports, rumors, updates what is the main aim for pochettino? - by nick mendolaknown for taking young talent to the next level, pochettino would take over a chelsea squad with plenty of it.the blues have added myriad u- aged players to their first team in recent seasons, including: benoit badiashile () wesley fofana () enzo fernandez () mykhailo mudryk () noni madueke () david datro fofana () joao felix (loan, ) a good fit for the blues? - by joe prince-wrighton paper this all makes sense",mudryk,en,2023-05-09T14:17:43Z,NA
"(l'equipe - in french)external-link tottenham are interested in bayerleverkusen and ecuador left-sided centre-back hincapie, , but would be unwilling to match bayerleverkusen's PSm valuation",hincapie,en,2023-01-28T22:49:16Z,NA
daily express tottenham have reportedly submitted a late offer to bayerleverkusen for the services of hincapie as antonio conte looks to strengthen his defensive ranks in advance of tuesday's all-important deadline,hincapie,en,2023-01-29T22:26:00Z,NA
"(athletic - subscription required) external-link tottenham have submitted a m euro (PSm) verbal offer to bayerleverkusen for the transfer of ecuador centre-back hincapie, ",hincapie,en,2023-01-29T23:07:08Z,NA
german daily bild (via get german football news) is reporting that spurs have made a EURm offer to bayerleverkusen for the january transfer of ecuadorian defender hincapie,hincapie,en,2023-01-29T23:28:44Z,NA
"hincapie: tottenham have made a PSm verbal offer for the bayerleverkusen defender, reports bild",hincapie,en,2023-01-30T07:04:56Z,NA
"hincapie in action for ecuador (nick potts/pa) hincapie: tottenham have made a PSm verbal offer for the bayerleverkusen defender, reports bild",hincapie,en,2023-01-30T07:04:56Z,NA
hincapie is being linked\xawith a big summer move and\xapedro porro could be on his way,hincapie,en,2023-01-30T09:40:27Z,NA
hincapie bryan gil djed spence six appearances in all competitions could be the extent of spence's exertions for spurs this season - the -year-old is heading to rennes on loan,hincapie,en,2023-01-30T14:47:19Z,NA
hincapie is being linked with a big summer move and pedro porro could be on his way,hincapie,en,2023-01-31T22:07:35Z,NA
"hincapie is being linked\xawith a big summer move, too",hincapie,en,2023-02-15T11:13:37Z,NA
(espn)external-link tottenham are interested in -year-old ecuador defender hincapie from bayerleverkusen,hincapie,en,2023-02-15T23:00:19Z,NA
riley mcgree was also contentiously denied a penalty after hincapie clattered into the midfielder in the th minute,hincapie,en,2023-03-28T11:24:40Z,NA
"strengths: proactive, confident, quick and technically proficient, hincapie is well suited to a team wanting to dominate possession and defend high up the pitch",hincapie,en,2023-03-29T11:35:08Z,positiv
"west ham could make a move for man united full back\xaaaron wan-bissaka this summer wan-bissaka is among west ham manager david moyes' targets to strengthen their defence west ham hold an interest in\xapiero hincapie, left, but max kilman is seen as more achievable wan-bissaka had only played four minutes in the first four months of the campaign due to a combination of illness and injury",hincapie,en,2023-05-22T12:32:54Z,NA
manchester united's aaron wan-bissaka is one david moyes would like and ecuador centre-back hincapie at bayerleverkusen is fancied but perhaps a more achievable target would be wolves' max kilman,hincapie,en,2023-05-22T11:40:14Z,NA
"kendry paez is the latest exciting young players from the production line of independiente del valle, the ecuadorian club responsible for moises caicedo and hincapie, and a star attraction at the under world cup, under way in argentina",hincapie,en,2023-05-21T17:00:46Z,NA
"steidten is credited as having played a key role in the acquisitions of several young talents at the club, such as edmond tapsoba, frimpong and hincapie",hincapie,en,2023-05-16T12:22:18Z,NA
"-santiago morales; source: marca / rts via aficion central (google translate) kendry looks to be the latest outstanding product of independiente's renowned academy, following the likes of jefferson montero, moises caicedo, and hincapie, and hopefully he can dazzle us indeed in a blue shirt in a few years",hincapie,en,2023-04-27T04:57:02Z,NA
"and though one middling game won't make his suitors rethink their position, it was caicedo and not any error on their part - a poor back pass to hincapie - that provided the game's turning point in allowing australia to take a - lead",hincapie,en,2023-03-24T15:24:08Z,negativ
"palacios tries a through ball, but hincapie is caught offside",hincapie,en,2023-03-19T20:03:28Z,negativ
foul by hincapie (bayerleverkusen),hincapie,en,2023-05-18T21:09:58Z,negativ