data;player;language;publishedAt;Label
trainer alonso vor den mitgereisten fans in monaco  glucksmoment! palacios hebt nach seinem tor zum : ab  nach dem euro-highlight geht es in der bundesliga am sonntag (;palacios;de;2023-02-24T09:33:31Z;NA
zudem ist die konkurrenzsituation auf der doppelsechs gegen die seit woche voll im saft stehenden palacios, amiri, demirbay und andrich unter diesen voraussetzungen eine extrem schwierige fur aranguiz;palacios;de;2023-03-03T21:35:13Z;NA
wie auch palacios sah der defensive mittelfeldspieler beim :-erfolg im elfmeterschiessen bei der as monaco seine dritte gelbe karte und ist gesperrt;palacios;de;2023-03-07T11:34:39Z;NA
",,er ist eine option"", erklart alonso, der im mittelfeld auf seine doppel-sechs verzichten muss: andrich () und palacios () sind gesperrt, fur sie stehen demirbay () und amiri () bereit";palacios;de;2023-03-08T14:25:18Z;NA
   allerdings waren in andrich und dem argentinischen weltmeister palacios beide eigentlich gesetzten sechser gesperrt, charles aranguiz ist zudem verletzt;palacios;de;2023-03-09T19:53:46Z;NA
"""im grossen und ganzen haben wir ein sehr, sehr gutes spiel gemacht, sehr erwachsen, sehr konzentriert und bis zum ende durchgezogen"", lobte amiri, der mit demirbay im mittelfeldzentrum anstelle der gelbgesperrten andrich und palacios fur die ""gewisse stabilitat und balance"" gesorgt hatte";palacios;de;2023-03-09T22:03:00Z;NA
so stehen die stamm-sechser andrich und palacios, die am donnerstag noch gesperrt waren, frisch fur einen einsatz von beginn an zur verfugung;palacios;de;2023-03-10T17:47:41Z;NA
torschutzen unter sich: diaby und adli (r.) feiern adlis treffer zum : fur bayerleverkusen  palacios: der argentinische weltmeister von katar mit seinem nachsten starken spiel;palacios;de;2023-03-17T07:01:04Z;NA
der argentinische weltmeister palacios drehte das spiel mit zwei verwandelten foulelfmetern (., .);palacios;de;2023-03-19T18:22:00Z;NA
 bayerleverkusen drehte das spiel durch palacios, der in der ;palacios;de;2023-03-19T18:28:09Z;NA
 doch der argentinier palacios, einziger aktueller weltmeister in der bundesliga, drehte das spiel mit zwei foulelfmetern (./.);palacios;de;2023-03-19T18:28:23Z;NA
doch der argentinier palacios, einziger aktueller weltmeister in der bundesliga, drehte das spiel mit zwei foulelfmetern (./.);palacios;de;2023-03-19T18:35:00Z;NA
und zweimal griff der videoassistent korrigierend ein, es gab jeweils elfmeter, die ezequiel palacios verwandelte und die diesen erstaunlichen sieg moglich machten, durch den borussia dortmund erstmals seit wieder am ende eines spieltages an der tabellenspitze steht;palacios;de;2023-03-19T18:39:29Z;NA
am ende gab es jeweils elfmeter fur die werkself, die palacios beide sicher zum :-endstand verwandelte;palacios;de;2023-03-19T20:00:00Z;NA
zweimal verwandelte palacios, es wurde ein uberraschender : (:)-sieg;palacios;de;2023-03-19T20:01:45Z;positiv
die hauptbeteiligten: bayerleverkusen offensivmann adli, schiedsrichter tobias stieler, der video assistant referee (var)\xaund palacios;palacios;de;2023-03-19T20:12:00Z;NA
im gegenteil: nach wiederbeginn war bayerleverkusen aktiver als die gaste aus munchen und drehte durch zwei von palacios verwandelte var-elfmeter die partie;palacios;de;2023-03-19T22:08:00Z;NA
der\xaargentinische weltmeister palacios lasst sich das nicht nehmen und trifft;palacios;de;2023-03-20T05:11:00Z;NA
stieler nahm folgerichtig in beiden fallen die gelbe karte zuruck, bat adli per handschlag um entschuldigung und sprach den leverkusenern einen strafstoss zu, den palacios sicher verwandelte;palacios;de;2023-03-20T05:39:04Z;NA
beide male nahm er diese zuruck und entschuldigte sich und gab elfmeter, durch die palacios bayerleverkusen :-sieg sicherte;palacios;de;2023-03-20T05:55:43Z;NA
beide male nahm er diese zuruck, bat um entschuldigung und gab elfmeter, durch die palacios bayerleverkusen :-sieg sicherte;palacios;de;2023-03-20T07:48:37Z;NA
dazn-experte michael ballack (l.) im gesprach mit julian nagelsmann und moderatorin laura wontorra  trainer alonso mit seinem weltmeister palacios (r.)  ,,da sieht man, dass die jungs fit sind, dass sie marschieren und alle drei tage spielen konnen, das spricht fur die trainings-belastung und trainings-steuerung;palacios;de;2023-03-20T13:16:11Z;NA
palacios trifft zum : fur bayerleverkusen gegen die bayern  der einzige aktuelle weltmeister der bundesliga hatte es verdammt eilig;palacios;de;2023-03-20T13:56:19Z;NA
schalke: reis nimmt den spieler ausdrucklich in schutz  die rollenverteilung war klar: tom krauss hatte die pflicht, als alleiniger sechser wirtz zu beschatten, wahrend sich alex kral um andrich und drexler um palacios kummern sollten;palacios;de;2023-04-03T08:12:20Z;neutral
funf scorerpunkte im marz  folgerichtig hat sich guerreiro bei der wahl zum spieler des monats (potm) marz der bundesliga gegen frimpong, palacios (beide bayerleverkusen), omar marmoush (vfl wolfsburg), marius bulter (fc schalke ) und erhan masovic (vfl bochum) durchgesetzt;palacios;de;2023-04-07T13:44:53Z;NA
auch torschutze adli und sturmer palacios zeigten - inspiriert vom wirtz-wirbel - ihr\xakonnen;palacios;de;2023-04-08T19:43:08Z;NA
"und palacios, einziger aktueller weltmeister der liga, schwarmte fast ehrfurchtig: ,,von alonso lerne ich jeden tag."" umgekehrt fuhlt sich auch der baske nach rund einem halben jahr im rheinland ,,sehr wohl und zufrieden""";palacios;de;2023-04-13T12:41:39Z;NA
hincapie (l.) und tah bedanken sich fur die fan-unterstutzung  palacios: der argentinier spielte gewohnt bissig, ohne jedoch akzente nach vorne setzen zu konnen;palacios;de;2023-04-14T08:16:22Z;NA
palacios musste gegen saint-gilloise angeschlagen in der kabine bleiben  auf den ersten blick verwunderte dieser wechsel!  beim : von bayerleverkusen im viertelfinal-hinspiel der europaleague gegen royale union saint-gillioise blieb palacios () nach der pause in der kabine;palacios;de;2023-04-14T08:19:57Z;NA
bayerleverkusen bangt nach : gegen saint-gilles um weltmeister palacios  dank des spaten : von wirtz wird im ruckspiel bei union saint-gilloise das duell von bayerleverkusen mit den belgiern am donnerstag wieder bei null beginnen;palacios;de;2023-04-14T11:21:14Z;NA
bayerleverkusen trainer steht vor der wolfsburg-partie vor einem spagat  bei palacios durfte der trainer keinerlei risiko eingehen;palacios;de;2023-04-14T14:38:38Z;NA
palacios (r.) verletzte sich leicht im hinspiel gegen saint-gilloise  funf wechsel hatte bayerleverkusen-trainer alonso () beim : in der bundesliga in wolfsburg gegenuber dem : in der europaleague gegen saint-gilloise vorgenommen;palacios;de;2023-04-17T06:50:19Z;neutral
hoffnung besteht noch auf den einsatz von palacios (/oberschenkel);palacios;de;2023-04-17T12:40:43Z;NA
bayerleverkusen beim ruckspiel in brussel voraussichtlich ohne den weltmeister  beim : im viertelfinal-hinspiel gegen union saint-gilloise musste palacios zur halbzeit verletzt ausgewechselt werden;palacios;de;2023-04-19T06:59:11Z;NA
 fur donnerstag hofft der ex-nationalspieler auf den einsatz des argentinischen weltmeisters palacios, der im hinspiel mit oberschenkelproblemen ausgewechselt wurde und erst am mittwoch erstmals wieder trainierte;palacios;de;2023-04-19T13:04:13Z;NA
die fragezeichen hinter adli und palacios werden daher wahlweise gestrichen und gesetzt;palacios;de;2023-04-19T13:26:02Z;NA
nur zuschauer am rande des abschluss-trainings: adli (l.) und trainer alonso  aber es gibt zwei dicke fragezeichen bei bayerleverkusen vorm viertelfinal-ruckspiel in der europaleague (donnerstag, uhr/rtl) bei union saint-gilloise: weltmeister palacios () und adli () wackeln.\ub    bayerleverkusen trainer alonso (l.) neben palacios  sport-boss simon rolfes (): ,,im idealfall ist er fit;palacios;de;2023-04-19T13:28:22Z;NA
alonso im abschlusstraining vor dem spiel gegen saint-gilloise  bayerleverkusen-trainer alonso (l.) im abschlusstraining mit palacios  alonso konnte sich in der \xadbayarena jeden tag die replik fur den gewinn des uefa-cups ansehen;palacios;de;2023-04-20T08:45:39Z;NA
bayerleverkusen muss im kampf um den einzug ins halbfinale der europaleague auf den argentinischen weltmeister palacios verzichten;palacios;de;2023-04-20T18:05:24Z;NA
 das schnelle tor sorgte aber auch dafur, dass bayerleverkusen ohne den im hinspiel verletzten weltmeister palacios ab der zweiten minute defensiv noch mehr arbeit verrichten mussten;palacios;de;2023-04-20T19:07:00Z;NA
diaby (l.), bayerleverkusen :-schutze, und bakker, der das : besorgt, feiern zusammen  argerlich fur bayerleverkusen-trainer alonso: weltmeister palacios fehlt wegen oberschenkel-problemen;palacios;de;2023-04-20T20:50:39Z;NA
"""auf jeden fall"" sei das ein ganz grosser tag, sagte andrich bei rtl und lobte die anhanger: ""ich bin sehr, sehr happy, dass wir das ding heute gezogen haben.""  das schnelle tor sorgte aber auch dafur, dass bayerleverkusen ohne den im hinspiel verletzten weltmeister palacios ab der zweiten minute defensiv noch mehr arbeit verrichten mussten";palacios;de;2023-04-20T20:54:03Z;positiv
   das schnelle tor sorgte aber auch dafur, dass bayerleverkusen ohne den im hinspiel verletzten weltmeister palacios ab der zweiten minute defensiv noch mehr arbeit verrichten mussten;palacios;de;2023-04-20T21:02:06Z;NA
der aus dem hinspiel angeschlagene argentinische weltmeister palacios verlor den wettlauf gegen die zeit und stand nicht im kader, auch sturmer adli nahm zunachst auf der bank\xaplatz;palacios;de;2023-04-20T21:15:24Z;NA
party mit den fans: die bayerleverkusen-profis diaby (v.l.), lukas hradecky, wirtz, karim bellarabi, hincapie und tah  amiri: dass er anstelle des angeschlagenen palacios beginnen wurde, uberraschte viele - wohl auch die belgier;palacios;de;2023-04-21T07:56:02Z;NA
bayerleverkusen strebt nach el-halbfinaleinzug auch in der liga grosses an  bangen um tapsoba also, aber auch leichte hoffnung zumindest auf palacios, der gegen saint-gilles wegen einer oberschenkelverletzung erwartungsgemass noch fehlte, nachdem er am mittwoch einen ersten trainingsversuch unternommen hatte;palacios;de;2023-04-21T11:11:25Z;NA
bayerleverkusen darf bei union berlin auf wirtz, tapsoba und palacios hoffen  unter alonso ist amiri vom verkaufskandidaten zu einer wichtigen alternative geworden;palacios;de;2023-04-24T09:41:34Z;NA
dafur arbeiteten callum hudson-odoi (hufte) und palacios (oberschenkel) individuell mit ball;palacios;de;2023-04-24T13:32:05Z;NA
"bayerleverkusen hofft vor union-spiel auf ruckkehr von leistungstragern  vor dem nachsten ""endspiel"" von bayerleverkusen arbeiten mit wirtz, edmond tapsoba und palacios gleich drei leistungstrager an ihrer ruckkehr";palacios;de;2023-04-26T15:45:29Z;NA
bayerleverkusen torjager wird einfach nicht fit - auch palacios fehlt in berlin  vor dem spiel bei union berlin haben sich die angeschlagenen wirtz und edmond tapsoba zuruckgemeldet;palacios;de;2023-04-28T10:08:24Z;NA
sturmer patrik schick (r.) hat immer noch leisten-probleme  ubrigens: auch palacios () fallt im auswartsspiel bei union berlin aus - der argentinische weltmeister hat weiterhin oberschenkel-probleme;palacios;de;2023-04-28T10:32:05Z;NA
bayerleverkusen bayerleverkusen argentinischer fussball-weltmeister palacios hofft auf eine ruckkehr rechtzeitig zum spiel gegen den ;palacios;de;2023-04-30T07:08:12Z;NA
bayerleverkusen-profi palacios (vorne) umarmt lionel messi  der einzige aktuelle weltmeister der bundesliga spielt bei bayerleverkusen;palacios;de;2023-04-30T11:25:59Z;NA
"stark auch im defensiven mittelfeld: bayerleverkusen-profi edmond tapsoba  ,,ich habe die ganze woche daruber nachgedacht"", sagte alonso nach der partie und begrundete seine entscheidung: ,,palacios war verletzt und amiri gesperrt";palacios;de;2023-04-30T15:18:08Z;NA
"amiri soll in bayerleverkusen verlangern - rolfes: ""wir sind in gesprachen""  schliesslich hatte neben amiri mit palacios auch ein zweiter direkter konkurrent um die beiden platze in der doppelsechs gefehlt, sodass demirbay der letzte verbliebene ""spezialist"" fur den part neben andrich war";palacios;de;2023-05-01T14:18:23Z;NA
ganz entspannt beim fruhstuck in amsterdam: bayerleverkusen trainer alonso  gegen koln darf alonso auf die ruckkehr von weltmeister palacios (/oberschenkel) hoffen;palacios;de;2023-05-01T16:20:02Z;NA
palacios fit fur koln  das offensichtliche derby-thema ist fur bayerleverkusen coach alonso eigentlich keines;palacios;de;2023-05-04T12:44:53Z;NA
   irgendwann kamen dann adli fur bakker und hlozek fur palacios, aber das spiel neigte sich immer mehr in die von der as rom gewunschte richtung;palacios;de;2023-05-18T21:16:32Z;NA
beim abschlusstraining trug letzterer zumindest bei der ersten spielform mit drei parteien das gleiche leibchen wie palacios;palacios;de;2023-05-17T11:20:50Z;neutral
es gibt zwei moglichkeiten fur trainer alonso (): entweder beginnt demirbay wie zuletzt beim : in stuttgart, oder amiri () bekommt seine chance neben palacios () in der startelf;palacios;de;2023-05-17T10:45:01Z;NA
" ""eine scheisssituation"" sei das gewesen, raumte bredlow ein, nachdem palacios den elfer zum ausgleich versenkt hatte (.)";palacios;de;2023-05-15T05:27:13Z;NA
minute hatte willenborg auf der anderen seite einen elfmeter gegeben, auch das zu recht und in diesem fall ohne konsultation des var: als palacios im leverkusener strafraum zu spat kam und wataru endo durch ein beinstellen zu fall brachte, war ein pfiff unausweichlich, und er kam auch sofort;palacios;de;2023-05-15T04:13:50Z;NA
ukraines staatsprasident wolodymyr selenskyj nach seiner audienz beim papst in rom  der von palacios verwandelte elfmeter zum ausgleich (.) rettet bayerleverkusen;palacios;de;2023-05-14T18:35:36Z;NA
bayerleverkusen argentinischer weltmeister palacios, der den strafstoss verschuldet hatte, sorgte ebenfalls per foulelfmeter in der ;palacios;de;2023-05-14T18:07:21Z;negativ
"stuttgarts bredlow: ""er lauft in meine fauste rein""  hoeness meinte damit den von bredlow an edmond tapsoba verursachten elfmeter, den palacios zum :-endstand nutzte";palacios;de;2023-05-14T17:44:28Z;NA
 guirassy und palacios treffen vom punkt  der vom franzosischen club stade rennes ausgeliehene toptorjager serhou guirassy hatte die stuttgarter in der ;palacios;de;2023-05-14T16:58:00Z;NA
bayerleverkusen argentinischer weltmeister palacios, der den strafstoss verschuldet hatte, sorgte ebenfalls per foulelfmeter noch fur den ausgleich (.);palacios;de;2023-05-14T15:54:04Z;NA
dass sein treffer nicht zum sieg gegen die leverkusener reichte, hatte seine ursache in dem foulelfmeter, den die leverkusener nur\xa minuten spater erhielten - und den palacios zum :-endstand verwandelte;palacios;de;2023-05-14T15:48:00Z;NA
bayerleverkusen argentinischer weltmeister palacios, der den strafstoss verschuldet hatte, erzielte ebenfalls per foulelfmeter den ausgleich (.);palacios;de;2023-05-14T15:32:45Z;NA
bayerleverkusen argentinischer weltmeister palacios, der den strafstoss verschuldet hatte, sorgte ebenfalls per foulelfmeter noch fur den ausgleich\xa(.);palacios;de;2023-05-14T15:31:56Z;NA
bayerleverkusen vergibt leichtfertig gute ausgangsposition  gute ausgangsposition vergeben: bayerleverkusen mit hincapie, lukas hradecky und palacios (v.li.).\r  \r  dass zudem im defensiven mittelfeld, in dem leader andrich mit einer fussverletzung auszufallen droht, palacios nach seiner verletzungspause noch nicht die alte sicherheit ausstrahlte und ungewohnt fehlerhaft agierte, erschwert die aufgabe nochmal;palacios;de;2023-05-12T09:44:10Z;NA
sein ausfall ware definitiv ein herber verlust fur die alonso-elf, denn andrich ist im defensiven mittelfeld ein entscheidender faktor, da auch palacios nach seiner verletzungspause noch nicht wieder seine normalform erreicht hat;palacios;de;2023-05-12T09:07:19Z;NA
torwart lukas hradecky bewahrte bayerleverkusen vor einer hoheren niederlage  palacios: starke kombination mit wirtz, die fast zum : gefuhrt hatte;palacios;de;2023-05-11T23:42:49Z;NA
als zuletzt namlich mit palacios bei union berlin einer der beiden sechser fehlte, stellte der spanier innenverteidiger edmond tapsoba auf die fur ihn ungewohnte position, auf der der abwehrspieler aber durchaus uberzeugte;palacios;de;2023-05-11T22:53:37Z;NA
bakker) - hincapie, palacios, andrich (+;palacios;de;2023-05-11T20:54:33Z;NA
und auch die personalie palacios ist offen;palacios;de;2023-05-10T12:18:13Z;NA
 bayerleverkusen: hradecky - kossounou, andrich, tapsoba - frimpong (.+ fosu-mensah), palacios, demirbay, hincapie - diaby (.+ tah), wirtz (;frimpong;de;2023-03-19T18:38:59Z;NA
   diaby verfehlte das munchner tor mit einem -meter-schuss nur knapp, und yann sommer, der torhuter des fc bayern, hielt einen schuss von frimpong auf die kurze ecke (.);frimpong;de;2023-03-19T18:39:29Z;NA
 doch bayerleverkusen war nun am drucker und noch bevor die munchner ihre erste chance hatten, gab es weitere chancen durch diaby (.), frimpong (.) und palacios (.);frimpong;de;2023-03-19T19:02:39Z;NA
 freiwillig verzichtet koeman auf den bei bayerleverkusen derzeit sehr erfolgreichen flugelspieler frimpong;frimpong;de;2023-03-23T17:50:08Z;NA
bayerleverkusen rechtsverteidiger nach trainerwechsel in der elftal nicht mehr gefragt  nach herausragenden leistungen im herbst gelang frimpong noch der sprung in den wm-kader der niederlande;frimpong;de;2023-03-26T19:54:13Z;NA
formstark, aber nicht fur die hollandische a-nationalelf nominiert: bayerleverkusen frimpong  frimpong () ragt mit sieben liga-toren und funf vorlagen in dieser fur bayerleverkusen schwierigen saison heraus;frimpong;de;2023-03-27T13:10:29Z;NA
bayerleverkusen hat verteidiger auf der liste, den der sc langfristig binden mochte  fur bayerleverkusen ist sildillia in vielerlei hinsicht interessant: zum einen, weil offensivverteidiger frimpong fur den sommer als heisser wechselkandidat gilt;frimpong;de;2023-03-28T14:36:43Z;NA
"""es gibt im moment nicht viel besseres in der bundesliga"", sagt reis, wenn er an bayers aussenbahn-tempomacher wie frimpong und diaby denkt";frimpong;de;2023-03-31T07:59:57Z;positiv
leverkusener jubel nach dem sieg gegen die bayern: adli (l.) und wirtz  frimpong (r.) spielt eine starke saison fur bayerleverkusen  frimpong () wurde um millionen auf nun millionen euro hochgestuft;frimpong;de;2023-03-31T08:10:56Z;NA
arthur gilt in seiner heimat brasilien als grosse zukunftshoffnung  dass bayerleverkusen auf der rechtsverteidiger-position zur neuen saison nachlegen muss, ist klar: denn frimpong (/vertrag bis ) ist langst einer der international begehrtesten spieler, manchester united ist am niederlander dran;frimpong;de;2023-03-31T20:07:25Z;NA
 die rechte leverkusener aussenbahn mit frimpong und diaby, die beim : im hinspiel zu alonsos debut drei tore erzielt hatte, konnte ihr tempo zunachst nicht ausspielen;frimpong;de;2023-04-01T15:25:42Z;NA
 bayerleverkusen ging durch das tor von frimpong (.) in fuhrung, bayerleverkusen brauchte zwei schnelle passe, um die schalker abwehr auszuhebeln;frimpong;de;2023-04-01T15:35:11Z;NA
bayerleverkusen verhinderte eine fortsetzungsgeschichte und gewann in gelsenkirchen dank der hoheren individuellen klasse und den treffern von frimpong (;frimpong;de;2023-04-01T15:40:26Z;NA
" ""torschutzen unter sich: frimpong und wirtz (r.) jubeln  tage musste wirtz () darauf warten";frimpong;de;2023-04-02T12:05:20Z;NA
neuzugang debutierte jungst in der selecao  damit reagiert der klub bereits auf die moglichen abgange von frimpong und timothy fosu-mensah am saisonende;frimpong;de;2023-04-03T15:34:27Z;NA
die besten schutzen sind diaby und frimpong, die jeweils acht tore schossen, dahinter rangiert mit schicks landsmann adam hlozek (vier treffer) ein spieler, der nicht selten von der bank kommt;frimpong;de;2023-04-05T11:59:37Z;NA
auch manunited mehrfach berucksichtigt  in der esm-topelf fur den marz nominiert: frimpong und erling haaland.\r  \r ;frimpong;de;2023-04-06T10:18:38Z;NA
der fc bayern munchen interessiert sich nach informationen von transferexperte fabrizio romano fur rechtsverteidiger frimpong von ligakonkurrent bayerleverkusen;frimpong;de;2023-04-06T16:49:00Z;neutral
" das original zu diesem beitrag ""fc bayern steigt in transferpoker um frimpong ein"" stammt von fcbinside.de";frimpong;de;2023-04-07T07:11:39Z;NA
frimpong hat noch bis vertrag in bayerleverkusen  bayerleverkusen hat mit der verpflichtung des brasilianischen neu-nationalspielers arthur () von america mineiro vorgesorgt - fur den fall des abgangs von rechtsverteidiger frimpong () im sommer;frimpong;de;2023-04-07T07:42:27Z;neutral
funf scorerpunkte im marz  folgerichtig hat sich guerreiro bei der wahl zum spieler des monats (potm) marz der bundesliga gegen frimpong, palacios (beide bayerleverkusen), omar marmoush (vfl wolfsburg), marius bulter (fc schalke ) und erhan masovic (vfl bochum) durchgesetzt;frimpong;de;2023-04-07T13:44:53Z;NA
mit a-nationalspieler diaby und dessen franzosischem landsmann besitzt wirtz so zwei extrem flinke optionen fur passe in die tiefe, die durch den rechten schienenspieler frimpong zusatzlich erweitert werden;frimpong;de;2023-04-11T11:04:13Z;NA
mit dieser ausbeute ist er zudem gemeinsam mit diaby und frimpong bester vorbereiter von bayerleverkusen - die waren aber seit saisonstart dabei;frimpong;de;2023-04-11T16:45:20Z;NA
beispielhaft dafur war es, dass frimpong und diaby auf bayers starker rechter seite ihre schnelligkeit kaum ausspielen konnten;frimpong;de;2023-04-13T20:52:21Z;NA
halfte hatte bayerleverkusen dicke chancen! zuerst scheitert hincapie nach feiner frimpong-flanke per kopf, trifft nur das aussennetz (.);frimpong;de;2023-04-13T21:03:35Z;NA
beispielhaft dafur war es, dass frimpong und diaby auf bayers starker rechter seite ihre schnelligkeit kaum ausspielen\xakonnten;frimpong;de;2023-04-13T21:29:51Z;NA
hincapie (l.) und tah bedanken sich fur die fan-unterstutzung  frimpong: tolle flanke auf hincapie, wieder standig unterwegs;frimpong;de;2023-04-14T08:16:22Z;positiv
so war nicht nur frimpong auf der rechten schiene selten so ausgebremst worden in seinem offensiven treiben, wie in diesen minuten;frimpong;de;2023-04-14T11:21:14Z;NA
"bayerleverkusen trainer steht vor der wolfsburg-partie vor einem spagat  und auch ein wechsel im hintersten mannschaftsteil liegt nahe, auch wenn alonso die drohende gelbsperren fur frimpong und innenverteidiger edmond tapsoba nicht in seine uberlegungen fur die aufstellung einfliessen lasst, wie der -jahrige erklart: ""wenn sie spielen, besteht zwar das risiko, dass sie ihre funfte gelbe karte sehen, aber das ist fur mich kein argument, sie nicht spielen zu lassen."" dennoch konnte odilon kossounou fur einen der beiden viel-spieler beginnen";frimpong;de;2023-04-14T14:38:38Z;NA
die schnellen flugelspieler frimpong, diaby (rechts) und adli (links) wurden zu bayers scharfsten waffen;frimpong;de;2023-04-16T07:30:18Z;NA
der tscheche traf zwar die latte, passgeber frimpong stand jedoch zuvor im abseits (.);frimpong;de;2023-04-16T19:29:40Z;NA
der tscheche traf zwar die latte, passgeber frimpong stand jedoch zuvor im abseits\xa(.);frimpong;de;2023-04-16T19:39:52Z;NA
am sonntag gegen bayerleverkusen (:) nahm er es ohne probleme mit bayers topsprintern diaby, den alonso zur zweiten halfte dann lieber auf die linke seite verschob, und frimpong auf;frimpong;de;2023-04-18T16:13:08Z;NA
diaby (l.), bayerleverkusen :-schutze, und bakker, der das : besorgt, feiern zusammen  frimpong macht den deckel drauf - : ();frimpong;de;2023-04-20T20:50:39Z;NA
diaby brachte die mannschaft von trainer alonso in brussel nach sekunden in fuhrung, bakker (.), frimpong (.) und adam hlozek (.) legten nach;frimpong;de;2023-04-20T20:51:25Z;NA
bayerleverkusen legte sogar wieder nach, als bakker moris erfolgreich bedrangte, der torhuter den ball in die fusse von frimpong spielte und der ins leere tor traf;frimpong;de;2023-04-20T20:54:03Z;NA
diaby brachte die mannschaft von trainer alonso am donnerstag in brussel nach sekunden in fuhrung, bakker (.), frimpong (.) und adam hlozek (.) legten nach;frimpong;de;2023-04-20T20:55:54Z;NA
   bayerleverkusen vortanzer: frimpong jubelt uber sein tor zum : \t\t\t\t  im vorjahr gewann eintracht frankfurt die europaleague, nun konnte bayerleverkusen den titel holen;frimpong;de;2023-04-20T21:02:06Z;NA
diaby brachte die mannschaft von trainer alonso in brussel schon nach sekunden in fuhrung, bakker (.), frimpong (.) und adam hlozek (.) legten nach;frimpong;de;2023-04-20T21:03:29Z;NA
 bayerleverkusen fuhrte in brussel dank traumstarts durch diaby (.) und spater bakker (.) sowie frimpong (.) mit : und liess sich den aufstieg nicht mehr nehmen;frimpong;de;2023-04-20T21:11:48Z;NA
diaby nach nur sekunden, bakker (.), frimpong (.) und adam hlozek (.) munzten die uberlegenheit der leverkusener in treffer um, casper terho traf fur die gastgeber (.), die bayerleverkusen danach bis zum : ins wackeln\xabrachten;frimpong;de;2023-04-20T21:15:24Z;NA
 bayerleverkusen fuhrte in brussel dank traumstart durch diaby (.) und spater bakker (.) sowie frimpong (.) mit : und liess sich den aufstieg nicht mehr nehmen;frimpong;de;2023-04-21T04:27:00Z;NA
party mit den fans: die bayerleverkusen-profis diaby (v.l.), lukas hradecky, wirtz, karim bellarabi, hincapie und tah  vortanzer: torschutze frimpong und seine kollegen feiern den halbfinal-einzug  frimpong: ob vorne oder hinten - frimpong war uberall gleichzeitig, reagierte cool und nutzte seine chance zum :;frimpong;de;2023-04-21T07:56:02Z;NA
minute), michel bakker (.), frimpong (.) und adam hlozek (.);frimpong;de;2023-04-21T09:05:10Z;NA
diaby, wirtz, adam hlozek und frimpong teilten sich die raume nach bedarf und belieben;frimpong;de;2023-04-21T10:02:05Z;neutral
szoboszlai brachte bei einem solchen leverkusener angriff frimpong zu fall und musste vom feld;frimpong;de;2023-04-23T17:26:22Z;NA
frimpong verpasste bei einem leverkusener konter noch die entscheidung (.), fur die dann amiri vom elfmeterpunkt sorgte;frimpong;de;2023-04-23T17:26:57Z;NA
   bayerleverkusen torschutze amiri (rechts) und frimpong jubeln nach dem treffer zum :;frimpong;de;2023-04-23T17:33:57Z;positiv
frimpong bekommt gluckwunsche seines trainers alonso - in bayerleverkusen haben sie derzeit gute laune;frimpong;de;2023-04-23T18:00:31Z;positiv
auch frimpong oder adli gehoren zu den schnellsten spielern in der bundesliga;frimpong;de;2023-04-27T12:25:55Z;NA
 die ecke hatte frimpong hereingeschlagen, den kopfball brachte bakker aufs tor;frimpong;de;2023-04-29T15:32:17Z;NA
ein einziges mal nur musste sich unions torwart frederik ronnow auszeichnen: bei einem wuchtigen kopfstoss von bayerleverkusen verteidiger bakker auf flanke von frimpong (.) in der schlussphase, die den gasten\xagehorte;frimpong;de;2023-04-29T18:35:16Z;NA
ganz entspannt beim fruhstuck in amsterdam: bayerleverkusen trainer alonso  amiri (l.) umarmt team-kollege frimpong  bayers klub-macher und auch trainer alonso schatzen an amiri vor allem seine einstellung, seinen willen und seine vielseitigkeit;frimpong;de;2023-05-01T16:20:02Z;NA
- trainer: letschleverkusen: hradecky - frimpong, tah, tapsoba, bakker - palacios, amiri (;frimpong;de;2023-05-27T15:42:10Z;NA
selbst als stammkraft frimpong in den vergangenen wochen physisch rapide abbaute, bekam fosu-mensah keine chance;frimpong;de;2023-05-23T10:24:42Z;negativ
maximilian arnold liess per strafstoss das : folgen, frimpong sorgte an diesem ;frimpong;de;2023-05-22T12:15:46Z;NA
ordentliche partie: luca netz klart vor frimpong  weil ramy bensebaini () beim : in dortmund seine ;frimpong;de;2023-05-22T05:56:47Z;NA
auch beim zweiten treffer machte der -jahrige zumindest eine ungluckliche figur, als demirbay nach flanke von frimpong aus kurzester distanz einkopfte;frimpong;de;2023-05-21T19:53:27Z;NA
"er habe ""aber keinen gelesen oder gehort, der mal gesagt hat, dass frimpong keine einzige offensivaktion in dem spiel hatte""";frimpong;de;2023-05-21T06:04:37Z;NA
dann werden so herausragende hochstgeschwindigkeitsfussballer wie diaby und frimpong vom gegner zu leicht ausgebremst;frimpong;de;2023-05-19T10:35:21Z;NA
zumal da den schlusselspielern wirtz, diaby und frimpong die geistige frische fehlte, um uberraschendes zu\xazaubern;frimpong;de;2023-05-19T09:15:11Z;NA
malen setzte sich im voting gegen diaby und frimpong von bayerleverkusen, benjamin pavard vom fc bayern munchen, timo werner von rb leipzig sowie josha vagnoman vom vfb stuttgart durch;frimpong;de;2023-05-18T15:14:06Z;NA
aber vor bayerleverkusen zittert star-trainer mourinho ()!  der portugiese weiss, dass die werkself seine mannschaft mit den schnellen offensivstars wie wirtz (), frimpong () und diaby () uberrennen kann;frimpong;de;2023-05-18T10:01:41Z;NA
das team wird zudem von den beiden bayerleverkusen-profis frimpong und diaby sowie von niclas fullkrug und randal kolo muani erganzt;frimpong;de;2023-05-13T10:26:28Z;NA
 schneller als jungst gegen koln und nun in rom muss es in den nachsten zwei wochen dagegen in bayers offensive zugehen: hochgeschwindigkeitsfussballer wie diaby oder frimpong wirkten zuletzt uberspielt;frimpong;de;2023-05-13T10:16:48Z;NA
die rechte seite mit diaby und frimpong hat dabei schon treffer verbuchen konnen;frimpong;de;2023-05-13T05:11:59Z;NA
sportliche fragezeichen  wie an frimpong als rechtsverteidiger fuhrt auch kein weg vorbei an jude bellingham und jamal musiala im mittelfeld;frimpong;de;2023-05-12T19:18:46Z;NA
lediglich bei frimpong, der zweimal einen schlag abbekam, sieht es gut aus;frimpong;de;2023-05-12T17:16:11Z;NA
 randal kolo muani, niclas fullkrug, diaby, jamal musiala, alphonso davies, matthijs de ligt und frimpong komplettieren die elf der saison;frimpong;de;2023-05-12T17:00:00Z;NA
"aber naturlich haben wir im moment die sorge, dass es eine ernste verletzung ist.""  auch odilon kossounou und frimpong trugen blessuren aus dem spiel";frimpong;de;2023-05-12T11:11:15Z;NA
 auch odilon kossounou und frimpong trugen blessuren aus dem spiel;frimpong;de;2023-05-12T10:57:31Z;NA
gegen die roma sah es aus, als seien der bayerleverkusen-elf fantasie und frische abhandengekommen, die einflussreichsten spieler wirken erschopft: wirtz startete stark und verblasste noch starker, frimpong und diaby, das lichtgeschwinde duett an der rechten seite, traten kaum in erscheinung, wie auch hradecky mitbekommen hatte;frimpong;de;2023-05-12T10:25:02Z;NA
kurz vor schluss kam bayerleverkusen durch frimpong noch zur grossen chance auf den ausgleich, doch roma-verteidiger bryan cristante rettete mit der brust kurz vor der torlinie fur seinen geschlagenen torhuter (.);frimpong;de;2023-05-12T10:02:12Z;NA
"""die chancen muss man machen"", urteilte rolfes und durfte dabei direkt auch die hundertprozentige von frimpong in der schlussphase inkludieren, als der niederlander nach einem torwartfehler von rui patricio den ball auf die brust von roma-verteidiger bryan cristante platzierte statt ins verwaiste romer tor";frimpong;de;2023-05-12T09:44:10Z;NA
eine gefahrliche aktion von frimpong (.) pfiff der schiedsrichter wegen eines fouls in der entstehung ab;frimpong;de;2023-05-12T08:15:00Z;NA
odilon kossounou, frimpong und andrich trugen blessuren davon;frimpong;de;2023-05-12T07:30:41Z;NA
odilon kossounou, frimpong und andrich trugen blessuren aus dem spiel in der italienischen hauptstadt davon;frimpong;de;2023-05-12T06:41:21Z;NA
denn die leverkusener odilon kossounou, frimpong und andrich trugen mehr oder minder schwere blessuren davon;frimpong;de;2023-05-12T06:08:37Z;NA
torwart lukas hradecky bewahrte bayerleverkusen vor einer hoheren niederlage  frimpong: hatte in der ;frimpong;de;2023-05-11T23:42:49Z;NA
das schnelle duett frimpong und diaby trat kaum in erscheinung;frimpong;de;2023-05-11T21:16:54Z;NA
   bayerleverkusen kam nur noch zu einer sehr gefahrlichen offensivaktionen, als frimpong bryan cristante auf der linie des romischen tores traf (.), vor allem aber blieb die werkself auch in der besten phase der italiener defensiv relativ stabil, und befreite sich irgendwann wieder ein wenig aus dem druck;frimpong;de;2023-05-11T21:04:42Z;NA
amiri), frimpong - wirtz, hlozek (;frimpong;de;2023-05-11T20:54:33Z;NA
leihspieler callum hudson-odoi wird zum fc chelsea zuruckkehren, diaby und frimpong gelten als heisse wechselkandidaten;frimpong;de;2023-05-11T15:45:38Z;NA
bayerleverkusen, das ohne die gesperrten tah, hincapie und adli auskommen musste, hatte am ruckstand zu knabbern;tah;de;2023-02-26T16:32:55Z;NA
 bayerleverkusen, das ohne die gesperrten tah, hincapie und adli auskommen musste, hatte am ruckstand zu knabbern;tah;de;2023-02-26T16:35:24Z;NA
   bayerleverkusen, das ohne die gesperrten tah, hincapie und adli auskommen musste, hatte am ruckstand zu knabbern;tah;de;2023-02-26T16:41:45Z;NA
 die zehnkopfige jury, bestehend aus stars wie joshua kimmich, serge gnabry und tah, ist nicht restlos begeistert;tah;de;2023-02-27T04:00:15Z;NA
ohne hincapie und tah mussten wir entscheiden, wie wir spielen;tah;de;2023-02-27T15:54:01Z;neutral
chelsea-leihgabe immer ofter nur in der zuschauerrolle  seine passquote ist mit , prozent die zweibeste im kader hinter der von innenverteidiger tah (,);tah;de;2023-03-01T18:25:00Z;NA
toptalent wirtz kehrte ebenso in die startelf zuruck wie die zuletzt gelbgesperrten tah und hincapie;tah;de;2023-03-05T16:23:36Z;NA
adli (l.) und adam hlozek feiern den dritten leverkusener treffer  bayerleverkusen-verteidiger tah: ,,wir haben sehr viel gelitten in der letzten zeit;tah;de;2023-03-12T18:23:46Z;NA
"bayerleverkusen-torwart lukas hradecky sagte: ""das ist ein ganz glucklicher sieg in meinen augen."" tah gab zu: ""werder hat es uns echt schwer gemacht.""  marvin ducksch findet: ""wir machen hinten einfach zu viel fehler."" ";tah;de;2023-03-12T18:29:14Z;NA
"   bayerleverkusen-torwart lukas hradecky sagte: ,,das ist ein ganz glucklicher sieg in meinen augen."" sein kollege tah gab zu: ,,werder hat es uns echt schwer gemacht.""  drei tage nach dem : gegen ferencvaros hatte bayerleverkusen-coach alonso sein team gleich auf funf positionen umgebaut";tah;de;2023-03-12T18:48:50Z;NA
"und auch defensivmann tah sagte: ""respekt an die leistung von bremen, sie haben ein gutes spiel gemacht";tah;de;2023-03-12T19:30:44Z;NA
torschutzen unter sich: diaby und adli (r.) feiern adlis treffer zum : fur bayerleverkusen  tah: hielt die abwehr zusammen, sehr solider auftritt;tah;de;2023-03-17T07:01:04Z;NA
andrich im zweikampf mit bayerns leroy sane (r.)  bayerleverkusen trainer alonso begrundete seine mutige massnahme mit andrich und ohne tah () so: ,,wir haben viel analysiert und uberlegt, was wir tun konnen;tah;de;2023-03-20T16:33:47Z;NA
aber tah vorher auch;tah;de;2023-03-31T12:03:17Z;NA
schalke wiederum hatte durch michael frey ein tor erzielen konnen, doch tah blockte seinen schuss;tah;de;2023-04-01T15:44:09Z;positiv
"bayerleverkusen baut erfolgsserie aus  redebedarf: tah (li.) und randal kolo muani im spiel zwischen bayerleverkusen und frankfurt.\r  \r  ""was uns gerade so stark macht, ist, dass wir uns auf jedes einzelne spiel konzentrieren";tah;de;2023-04-08T17:48:00Z;NA
gegen frankfurt fielen vor allem die verteidiger edmond tapsoba und tah auf, die sich erfolgreich auf den frankfurter sturmer randal kolo muani konzentrierten;tah;de;2023-04-08T19:43:08Z;NA
bayerleverkusen trainer lobt wechselwilligen innenverteidiger  beim :-sieg gegen bayern munchen hatte tah noch die krote schlucken mussen, nur ersatz zu sein;tah;de;2023-04-10T09:35:00Z;NA
",,wir haben sehr, sehr stark gespielt als mannschaft"", erklart abwehrspieler tah () nach dem :";tah;de;2023-04-12T13:13:49Z;NA
hincapie (l.) und tah bedanken sich fur die fan-unterstutzung  alles offen nach dem hinspiel-: gegen royale union saint-gilloise;tah;de;2023-04-14T08:16:22Z;NA
unter anderem sitzen verteidiger tah () und spielmacher wirtz () vorerst auf der bank;tah;de;2023-04-16T19:24:52Z;NA
 bayerleverkusen-coach alonso rotierte im vergleich zur europacup-partie gegen union saint-gilloise auf funf positionen und liess unter anderem die nationalspieler wirtz und tah zunachst auf der bank;tah;de;2023-04-16T19:29:40Z;neutral
 bayerleverkusen-coach alonso rotierte im vergleich zur europacup-partie gegen den belgischen club union saint-gilloise auf funf positionen und liess unter anderem die nationalspieler wirtz und tah zunachst auf der bank;tah;de;2023-04-16T19:31:10Z;NA
   bayerleverkusen-coach alonso rotierte im vergleich zur europacup-partie gegen den belgischen club union saint-gilloise auf funf positionen und liess unter anderem die nationalspieler wirtz und tah zunachst auf der bank;tah;de;2023-04-16T19:34:14Z;NA
so liess er nationalspieler wirtz und tah erst einmal draussen;tah;de;2023-04-16T19:41:56Z;NA
trainer alonso verzichtete unter anderem auf abwehr-boss tah und die in den letzten wochen glanzenden wirtz und adli;tah;de;2023-04-19T06:00:46Z;NA
dort sassen mit tah, adli, bakker und vor allem wirtz vier spieler auf der bank, die in den wirklich wichtigen partien meist zur startelf zahlen;tah;de;2023-04-20T15:41:59Z;NA
 nach der pause verstarkten die gastgeber den druck weiter, doch die leverkusener abwehr um den seit wochen starken tah verteidigte leidenschaftlich und gewissenhaft;tah;de;2023-04-20T20:51:25Z;NA
"""auf jeden fall"" sei das ein ganz grosser tag, sagte andrich bei rtl und lobte die anhanger: ""ich bin sehr, sehr happy, dass wir das ding heute gezogen haben.""  nach der pause verstarkten die gastgeber den druck weiter, doch die leverkusener abwehr um den seit wochen starken tah verteidigte leidenschaftlich und gewissenhaft";tah;de;2023-04-20T20:54:03Z;NA
   nach der pause verstarkten die gastgeber den druck weiter, doch die leverkusener abwehr um den seit wochen starken tah verteidigte leidenschaftlich und gewissenhaft;tah;de;2023-04-20T21:02:06Z;NA
"auf die frage, wie real der traum vom titel sei, antwortete der seit wochen uberragende abwehrchef tah knapp und selbstbewusst: ""realer als aktuell geht\'s glaub\' ich nicht.""  in jedem fall traumen die leverkusener spatestens jetzt vom endspiel am ";tah;de;2023-04-21T03:19:37Z;NA
"wir freuen uns extrem und werden das auch heute abend noch feiern"", sagte der abermals starke innenverteidiger tah: ,,ich selbst trinke nicht so gerne alkohol, aber der lukas darf gerne ein, zwei bier fur mich mittrinken.""  am sonntag (";tah;de;2023-04-21T06:37:36Z;NA
party mit den fans: die bayerleverkusen-profis diaby (v.l.), lukas hradecky, wirtz, karim bellarabi, hincapie und tah  halbfinale!  bayerleverkusen sturmte mit einem :-sieg uber royale union saint-gilloise ins semifinale der europaleague;tah;de;2023-04-21T07:56:02Z;NA
so prasentierte sich das team in der defensive mit einem uberragenden abwehrchef tah uber eine stunde lang so stabil, dass die keineswegs enttauschenden belgier bis dahin zu keiner ernsthaften chance kamen;tah;de;2023-04-21T08:50:46Z;NA
"auf die frage, wie real der traum vom titel sei, antwortete der seit wochen uberragende abwehrchef tah knapp und selbstbewusst: ,,realer als aktuell geht's glaub' ich nicht.""  im halbfinale wartet mit der as rom und trainer mourinho ein dicker brocken, doch spatestens jetzt traumen die leverkusener vom endspiel am ";tah;de;2023-04-21T09:27:32Z;NA
 inzwischen jedoch hat er spieler wie bakker neu erfunden, andere spieler wiederentdeckt, die schon unauffindbar im kader verloren gegangen waren (palacios, amiri), und wieder andere spieler auf selten erreichtes niveau getrimmt (verteidiger tah);tah;de;2023-04-21T10:02:05Z;NA
"bayerleverkusen-tanzer vor dem gaste-block: das team von feier bayerleverkusen  beim gang in die kabine meinte torwart hradecky zu abwehrchef tah (): ,,spul' mal sechs monate zuruck."" da hatte alonso die werkself auf platz ubernommen, fuhrte sie nach schwerem start bis auf rang in der liga";tah;de;2023-04-21T15:53:16Z;NA
"wir haben wie lowen als mannschaft verteidigt"", sagte tah bei dazn: ""wir machen immer weiter und sind nicht zufrieden.""  adam hlozek (.) und amiri (., foulelfmeter) erzielten vor ";tah;de;2023-04-23T17:26:22Z;NA
" ""es lauft uberragend gerade bei uns, ich bin sehr, sehr stolz auf die mannschaft"", sagte bayers starker innenverteidiger tah im streamingdienst dazn und lobte die kollegen: ""wie lowen als mannschaft verteidigt."" tah kundigte fur den saison-endspurt an: ""wir machen weiter, wir sind nicht zufrieden."" rb-trainer marco rose argerte sich dagegen: ""das war das x-te spiel diese saison, was wir einfach nicht verlieren durfen.""  der bisherige tabellen-vierte leipzig rutschte durch die schon achte saison-niederlage aus den champions-league-rangen und belegt nun direkt vor bayerleverkusen platz funf";tah;de;2023-04-23T17:26:57Z;NA
"""es lauft zurzeit uberragend bei uns"", freute sich hernach der abwehrmann tah, ""und wir sammeln immer mehr energie fur die nachsten spiele."" am samstag steht mit der partie bei union berlin der nachste test an";tah;de;2023-04-23T18:00:31Z;NA
"alonso ""stolz"": werkself seit spielen ungeschlagen  uberzeugte wie seine teamkollegen mit konsequentem verteidigen: tah.\r  \r  mit erfolg";tah;de;2023-04-23T20:48:00Z;positiv
tah (l.) spielt eine starke ruckrunde fur bayerleverkusen  tah () spielt als abwehrchef bei bayerleverkusen eine uberragende ruckrunde, der nationalspieler war wahrscheinlich nie in einer besseren form;tah;de;2023-04-24T12:18:15Z;NA
 gerade einmal sechs gegentore liess bayerleverkusen in den vergangenen acht bundesligaspielen zu, was auch mit einem mann zu tun hat, der wieder erstarkt ist - tah;tah;de;2023-04-25T12:01:26Z;NA
daran hat abwehrchef tah entscheidenden anteil;tah;de;2023-04-28T21:49:00Z;NA
mit kapuzen auf der steh-tribune: andreas wolff (.v.l.) und dhb-kapitan johannes golla (.v.l.) beim union-kick  auf dem platz buhen die union-fans immer wieder bayerleverkusen-verteidiger tah () aus;tah;de;2023-04-29T15:21:55Z;NA
nicht zufrieden nach dem : in berlin: edmond tapsoba (v.l.), karim bellarabi, odilon kossounou und sardar azmoun  verteidiger tah () meinte nach dem hart umkampften duell an der alten forsterei: ,,wir sind nicht zufrieden, dass wir nicht gewonnen haben;tah;de;2023-04-30T07:38:56Z;NA
",,wir gehen mit viel energie in das derby"", kundigte abwehrchef tah () nach dem spiel in berlin an";tah;de;2023-05-01T16:20:02Z;NA
tah (.v.l.) mit seinen nationalmannschaftskollegen beim :-sieg gegen israel im marz   am montag ist bayerleverkusen-profi tah () als zeuge vor dem opladener amtsgericht geladen;tah;de;2023-05-07T22:01:39Z;NA
 die leverkusener waren zunachst klar am drucker, doch die kolner nutzen eiskalt ihre erste torchance, als selke bei einer flanke von wirtz kainz im rucken von tah in dessen ;tah;de;2023-05-05T20:50:25Z;NA
   die leverkusener waren zunachst klar am drucker, doch die kolner nutzen eiskalt ihre erste torchance, als selke bei einer flanke von wirtz kainz im rucken von tah in dessen ;tah;de;2023-05-05T20:33:24Z;NA
karim bellarabi beim eintreffen am opladener amtsgericht  noch kein urteil im fall tah ()!  im prozess gegen den angeklagten spielerberater claudio bega () hat am freitag mit karim bellarabi () von bayerleverkusen ein weiterer bundesliga-profi vor dem amtsgericht in bayerleverkusen-opladen ausgesagt;tah;de;2023-05-26T16:06:30Z;NA
in dem verfahren (geschaftsnummer ls / js /) geht es um eine strafanzeige von nationalspieler tah () bei der staatsanwaltschaft koln gegen bega;tah;de;2023-05-22T16:02:24Z;NA
   gefahrlich waren weiterhin nur fernschusse von demirbay (.) und von tah (.), die grosste chance jedoch vergab jedoch azmoun als er aus zwolf metern unbedrangt das tor verfehlte (.);tah;de;2023-05-18T21:16:32Z;NA
"da freut sich jeder von uns drauf"", sagte abwehrchef tah, seit im verein";tah;de;2023-05-16T11:28:39Z;NA
"bayerleverkusen-coach alonso gibt am montag trainingsfrei  ""es war schwierig fur uns, die raume zu finden"", raumte\xajonathan tah\xawiederum ein und forderte mit blick auf das anstehende halbfinal-ruckspiel in der europaleague in der heimischen bayarena am donnerstag (live! ab uhr bei kicker), aus dem spiel ""zu lernen und es besser zu machen""";tah;de;2023-05-14T16:15:28Z;NA
torwart lukas hradecky bewahrte bayerleverkusen vor einer hoheren niederlage  tah: absolut solider auftritt des abwehrchefs;tah;de;2023-05-11T23:42:49Z;positiv
minute zusammen mit sturmer tammy abraham schlicht schneller als andrich und\xajonathan tah, traf via abstauber zum : und liess sich von den romanisti gebuhrend sowohl direkt nach dem treffer als auch nach schlusspfiff feiern;tah;de;2023-05-11T22:35:00Z;NA
"""das tor mussen wir nicht kriegen"", fand tah, dessen defensivverbund abgesehen von der situation rund um das roma-tor ebenfalls sicher stand, nach dem spiel bei rtl";tah;de;2023-05-11T21:59:47Z;NA
unsicherheiten im zusammenspiel schlichen sich ein, und tah beging zu spat kommend ein grobes foul, bei dem der schiedsrichter gnadig von der gelben karte absah;tah;de;2023-05-11T21:16:54Z;NA
bayerleverkusen braucht tah nach seiner emotionalen zeugen-aussage wieder als sicheren abwehrchef  aus dem gerichtssaal ins halbfinale der europaleague;tah;de;2023-05-10T07:51:26Z;NA
bayerleverkusen trainer versucht die stimmung hochzuhalten  nachdem die verpflichtung eines defensiven mittelfeldspielers schon fruhzeitig aus transfertaktischen grunden auf den sommer verschoben wurde, blieb auch das backup fur bakker aus;bakker;de;2023-02-02T12:42:30Z;NA
bakker kam von paris zu bayerleverkusen  die grosste problemzone im kader der werkself konnte nicht geschlossen werden;bakker;de;2023-02-02T16:22:14Z;NA
bayerleverkusen bemuhungen um einen linksverteidiger gehen direkt weiter  das sportliche upgrade zum derzeitigen linksverteidiger bakker wurde der fruhere spanische u--nationalspieler (zwei einsatze) naturlich darstellen;bakker;de;2023-02-03T10:58:04Z;NA
spieltag gegen freiburg, als seine konkurrenten bakker und hincapie gesperrt fehlten, komplett aussen vor;bakker;de;2023-02-13T09:13:15Z;NA
zudem drohen sowohl bakker\xaals auch weltmeister\xaexequiel palacios sperren, beide haben im laufe des wettbewerbs schon jeweils zwei gelbe karten gesammelt;bakker;de;2023-02-23T09:06:07Z;negativ
bakker traf mit der ersten aktion das aussennetz (.);bakker;de;2023-02-23T20:27:48Z;NA
ein treffer von\xamitchel bakker wurde wegen einer abseitsstellung zu recht aberkannt (.);bakker;de;2023-02-23T20:38:00Z;NA
bakker erzielte gar das vermeintliche :, stand aber hauchdunn im abseits (.);bakker;de;2023-02-23T20:53:47Z;NA
geschafft! bayerleverkusen spieler nach dem sieg-elfer von diaby  bakker: genie und wahnsinn lagen beim niederlander auf der linken seite mal wieder sehr eng nebeneinander;bakker;de;2023-02-23T22:07:40Z;NA
dann traf azmoun nach einer butterweichen flanke von bakker technisch anspruchsvoll zum :;bakker;de;2023-02-26T16:28:57Z;NA
dann traf azmoun nach einer flanke von bakker technisch anspruchsvoll zum :;bakker;de;2023-02-26T16:32:55Z;NA
dann traf azmoun nach einer prazisen flanke von bakker technisch anspruchsvoll zum :;bakker;de;2023-02-26T16:41:45Z;NA
bakker stand beim : von bayerleverkusen uber hertha bsc nicht im kader;bakker;de;2023-03-06T13:56:57Z;NA
bayerleverkusen linksverteidiger als unsicherheitsfaktor - alkmaars kerkez auf der liste  kein spieler von bayerleverkusen vermag es, so abrupt zwischen den extremen hin und her zu springen wie bakker;bakker;de;2023-03-07T18:58:15Z;NA
bakker am mittwoch im abschluss-training in bayerleverkusen  es war das thema in den letzten tagen rund um bayerleverkusen;bakker;de;2023-03-08T14:25:18Z;NA
bayerleverkusen trainer hat die wiederholte verfehlung des niederlanders abgehakt  fur das bundesligaspiel gegen hertha bsc hatte alonso linksverteidiger bakker aus dem kader gestrichen, weil er viel zu spat zum abschlusstraining gekommen war;bakker;de;2023-03-08T14:37:28Z;NA
wie auch der nach disziplinproblemen gegen hertha bsc nicht berucksichtigte und gegen budapest nicht eingesetzte bakker, der links im -- in die anfangsformation rutschen konnte;bakker;de;2023-03-10T17:47:41Z;NA
die kugel landet bei bakker (), der per dropkick-knaller trifft;bakker;de;2023-03-12T18:23:46Z;NA
bakker (;bakker;de;2023-03-12T18:29:14Z;NA
 tore von marvin ducksch (.) und niclas fullkrug (./elfmeter) waren zu wenig fur zahlbares, da aufseiten der leverkusener bakker (.), frimpong (.) und adam hlozek (.) im weser stadion trafen;bakker;de;2023-03-12T18:33:46Z;NA
minute), bakker glich jedoch umgehend wieder aus (.);bakker;de;2023-03-12T19:25:06Z;NA
 nur drei minuten nach dem : erzielt bakker (r.) gegen bremen den ausgleich und halt sein team im spiel  einen guten und verlasslichen linksverteidiger zu finden, ist schwer;bakker;de;2023-03-12T19:51:00Z;NA
mitchell weiser (l.) gegen bayerleverkusen bakker im kampf um den ball  in diesem schuss lag wohl auch eine menge wut - uber sich selbst..;bakker;de;2023-03-12T21:01:03Z;NA
bakker (.) vergab die grosse moglichkeit aufs :, sein schuss wurde im letzten moment geblockt;bakker;de;2023-03-16T20:14:34Z;NA
demirbay), bakker - diaby, azmoun (;bakker;de;2023-03-16T21:49:55Z;NA
diesmal war es die vierte minute der zweiten halbzeit, als tapsoba einen langen ball auf diaby spielte, der gab diesmal auf bakker ablegte - doch der niederlander wurde im letzten moment gebremst;bakker;de;2023-03-16T22:02:42Z;NA
 kurz darauf hatte bakker fur gefahr sorgen konnen, die hereingabe des aussenverteidigers aber war viel zu harmlos;bakker;de;2023-03-16T22:08:33Z;NA
torschutzen unter sich: diaby und adli (r.) feiern adlis treffer zum : fur bayerleverkusen  frimpong: der niederlander wahnte sich kurz nach der pause als torschutze, passgeber bakker stand davor aber deutlich im abseits;bakker;de;2023-03-17T07:01:04Z;NA
da frimpong zu einem der starksten flugelspieler der liga avanciert, da sardar azmoun genau wie bakker in fahrt kommt und auch torhuter lukas hradecky immer weniger fehler macht;bakker;de;2023-03-19T13:48:37Z;NA
wirtz im leverkusener abschluss-training vor dem spiel gegen saint-gilloise  wirtz ist jedoch nicht der einzige spieler im bayerleverkusen-kader, dem eine sperre auf der internationalen buhne droht: auch bakker (), odilon kossounou () und demirbay () sind mit je zwei gelben karten vorbelastet, hatten schon verwarnungen aus der championsleague auf dem konto;bakker;de;2023-04-13T07:31:14Z;NA
hincapie (l.) und tah bedanken sich fur die fan-unterstutzung  bakker: einziger neuer spieler in der startelf;bakker;de;2023-04-14T08:16:22Z;NA
schliesslich ist die position links hinten im team alonso alonsos mit bakker und daley sinkgraven derzeit nicht herausragend besetzt;bakker;de;2023-04-15T16:09:00Z;NA
dort sassen mit tah, adli, bakker und vor allem wirtz vier spieler auf der bank, die in den wirklich wichtigen partien meist zur startelf zahlen;bakker;de;2023-04-20T15:41:59Z;NA
diaby (l.), bayerleverkusen :-schutze, und bakker, der das : besorgt, feiern zusammen  sie sind fussball-deutschlands letztes europa-eisen im feuer!  bayerleverkusen schlagt im viertelfinale der europaleague union saint-gilloise : (hinspiel :);bakker;de;2023-04-20T20:50:39Z;NA
diaby brachte die mannschaft von trainer alonso in brussel nach sekunden in fuhrung, bakker (.), frimpong (.) und adam hlozek (.) legten nach;bakker;de;2023-04-20T20:51:25Z;NA
sechs minuten spater trat hlozek nach hereingabe von bakker am ball vorbei;bakker;de;2023-04-20T20:54:03Z;NA
diaby brachte die mannschaft von trainer alonso am donnerstag in brussel nach sekunden in fuhrung, bakker (.), frimpong (.) und adam hlozek (.) legten nach;bakker;de;2023-04-20T20:55:54Z;NA
diaby brachte die mannschaft von trainer alonso in brussel schon nach sekunden in fuhrung, bakker (.), frimpong (.) und adam hlozek (.) legten nach;bakker;de;2023-04-20T21:03:29Z;NA
 bayerleverkusen fuhrte in brussel dank traumstarts durch diaby (.) und spater bakker (.) sowie frimpong (.) mit : und liess sich den aufstieg nicht mehr nehmen;bakker;de;2023-04-20T21:11:48Z;NA
torschutzen unter sich: diaby (links, treffer zum : fur bayerleverkusen) gratuliert bakker (treffer zum :);bakker;de;2023-04-20T21:15:24Z;positiv
 bayerleverkusen fuhrte in brussel dank traumstart durch diaby (.) und spater bakker (.) sowie frimpong (.) mit : und liess sich den aufstieg nicht mehr nehmen;bakker;de;2023-04-21T04:27:00Z;NA
party mit den fans: die bayerleverkusen-profis diaby (v.l.), lukas hradecky, wirtz, karim bellarabi, hincapie und tah  bakker: ein monster-spiel des niederlanders;bakker;de;2023-04-21T07:56:02Z;NA
"bayerleverkusen metamorphose vom abstiegs- zum titelkandidaten  nicht umsonst stellte kapitan lukas hradecky auf das ganze team und speziell auf bakker, der vor wenigen wochen noch aus dem spieltagsaufgebot gegen hertha bsc gestrichen worden war, weil er das abschusstraining verpennt hatte, fest: ""alle kleinen dinge kommen zusammen";bakker;de;2023-04-21T08:50:46Z;NA
"auf der linken seite marschierte derweil bakker auf und nieder, dass hradecky an ein anatomisches wunder glaubte: ""ich weiss nicht, wie viele lungen der mann hat, wahrscheinlich mehr als\xazwei.""  dem niederlandischen linksverteidiger bakker, , wird nachgesagt, er verstehe es, innerhalb von zwei szenen eines fussballspiels sowohl welt- als auch kreisklasse zu verkorpern";bakker;de;2023-04-21T10:02:05Z;NA
torschutzen unter sich: bakker feiert mit diaby  auf der linken defensiv-seite sucht bayerleverkusen seit jahren nach einer top-verstarkung;bakker;de;2023-04-21T13:21:07Z;NA
doch dann bekamen sie plotzlich die konterchance schlechthin, als bakker, demirbay und diaby nach einem leipziger eckball zu dritt gegen einen aufs tor zuliefen und den ball vertandelten (.);bakker;de;2023-04-23T17:26:57Z;NA
fruh im spiel vergeudete die werkself eine tolle vier-gegen-einen-konterchance, weil mitchell bakker ins abseits gelaufen war, und vor dem leverkusener tor kam dominik szoboszlai zu einem torabschluss aus guter position, schoss jedoch nicht platziert genug (.);bakker;de;2023-04-23T17:33:57Z;NA
wirtz, bakker, naturlich diaby, dahinter ex-unioner andrich als aggressive leader wussten zu wirbeln;bakker;de;2023-04-29T15:22:00Z;NA
 die ecke hatte frimpong hereingeschlagen, den kopfball brachte bakker aufs tor;bakker;de;2023-04-29T15:32:17Z;NA
aissa laidouni (.) jagte einen abgeblockten ball zunachst knapp uber das bayerleverkusen tor, bevor es fur die gaste so richtig brenzlig wurde: unions aussenverteidiger jerome roussillon dribbelte sich auf der linken seite stark durch, als bayerleverkusen bakker erst im letzten vor dem einschussbereiten laidouni (.) klaren konnte;bakker;de;2023-04-29T15:59:43Z;NA
die kolner hatten bereits in der funften minute gluck, als timo hubers bakker foulte, aber rund einen halben meter vor dem strafraum;bakker;de;2023-05-05T20:50:25Z;NA
schliesslich versprechen die anderen losungen kein geringeres mass an risiko: bakker, der ohnehin als linker schienenspieler benotigt wird, gilt grundsatzlich als unsicherer kantonist und patzte vor dem gladbacher anschlusstreffer beim :;bakker;de;2023-05-23T10:24:42Z;NA
vor dem anschlusstreffer brachte bakker mit einem indiskutabel schlampigen ruckpass torhuter lukas hradecky vollig unnotig in bedrangnis, der den springenden ball torschutze jonas hofmann vor die fusse stoppte;bakker;de;2023-05-22T08:22:38Z;NA
der ruckpass von bakker auf lukas hradecky war quasi schon ein halbes eigentor, der absurde ball von amiri genau in die fusse des zwei meter vor dem tor stehenden marcus thuram toppte das ganze aber nochmal;bakker;de;2023-05-22T05:09:21Z;NA
beim : hatte mitchell bakker gepatzt;bakker;de;2023-05-21T19:39:14Z;negativ
   irgendwann kamen dann adli fur bakker und hlozek fur palacios, aber das spiel neigte sich immer mehr in die von der as rom gewunschte richtung;bakker;de;2023-05-18T21:16:32Z;NA
fur odilon kossounou und andrich, die sich vor einer woche in rom verletzt hatten, und den auf der bank sitzenden adam hlozek beginnen diesmal bakker, demirbay und sardar azmoun;bakker;de;2023-05-18T18:18:15Z;NA
auf dieser wird bakker, der sich in den vergangenen wochen erheblich steigerte, aber immer noch mit vielen schwankungen auftritt, jetzt um seinen platz kampfen mussen;bakker;de;2023-05-15T09:13:43Z;NA
benficas offensivverteidiger vor wechsel nach bayerleverkusen  fur bayerleverkusen wurde er, sofern die unterschriften unter dem vertrag wie erwartet zeitnah erfolgen, das gewunschte klare upgrade zu dem zuletzt verbesserten, aber doch unbestandigen bakker darstellen;bakker;de;2023-05-14T21:25:54Z;NA
stattdessen beginnen bakker, demirbay, sardar azmoun und adli;bakker;de;2023-05-14T12:51:23Z;NA
torwart lukas hradecky bewahrte bayerleverkusen vor einer hoheren niederlage  hincapie: der junge ecuadorianer begann wieder anstelle von mitchell bakker, ruckte nach bakkers hereinnahme dann wieder links in die dreierkette;bakker;de;2023-05-11T23:42:49Z;NA
   immer wieder lagen spieler mit blessuren auf dem rasen, bayerleverkusen odilon kossounou musste mit einer muskelverletzung gegen bakker ausgetauscht werden (.);bakker;de;2023-05-11T21:04:42Z;NA
bakker) - hincapie, palacios, andrich (+;bakker;de;2023-05-11T20:54:33Z;NA
" ""torschutzen unter sich: frimpong und wirtz (r.) jubeln  sein tor im zusammenspiel mit adli () war genial, ebenso sein hacken-trick auf diaby ()";diaby;de;2023-04-02T12:05:20Z;NA
die besten schutzen sind diaby und frimpong, die jeweils acht tore schossen, dahinter rangiert mit schicks landsmann adam hlozek (vier treffer) ein spieler, der nicht selten von der bank kommt;diaby;de;2023-04-05T11:59:37Z;NA
"er glaube, dass bayerleverkusen-profi diaby ,,ein bisschen schneller"" sei";diaby;de;2023-04-07T16:06:06Z;NA
 adli mit einem schonen solo (.) und toptorjager diaby mit seinem neunten saisontor (.) sorgten schon vor der pause fur klare verhaltnisse - nationalspieler wirtz legte beide treffer auf;diaby;de;2023-04-08T15:25:37Z;NA
diaby (.), wie adli nach vorlage von wirtz, sowie sardar azmoun per konter (.+) nach dem anschlusstreffer durch djibril sow (.) sorgten fur den verdienten sieg;diaby;de;2023-04-08T15:38:45Z;NA
schutze des zweiten tores war diaby: ndicka falschte dessen schuss noch leicht ab;diaby;de;2023-04-08T15:41:37Z;NA
 bayerleverkusen - eintracht frankfurt : (:), tore: : adli (.), : diaby (.), : djibril sow (.), : sardar azmoun (.+.)  adli besorgte das leverkusener premierentor gegen frankfurt, danach traf auch diaby;diaby;de;2023-04-08T15:43:02Z;NA
 in bayerleverkusen bestimmten die gastgeber die partie und gewannen verdient durch tore von adli (.), diaby (.) und sardar azmoun (.+);diaby;de;2023-04-08T15:44:21Z;NA
auch den zweiten treffer legte wirtz auf, diaby nutzte seine perfekte vorlage (.);diaby;de;2023-04-08T16:06:11Z;NA
 schnell, schneller, diaby: der franzosische sturmer bejubelt sein tor zum : - nach einem pass von wirtz;diaby;de;2023-04-08T19:43:08Z;NA
die franzosen adli () und diaby () waren fur frankfurt nicht zu stoppen;diaby;de;2023-04-09T06:11:43Z;NA
diaby (.), wie adli nach vorlage von wirtz, sowie sardar azmoun per konter (.+) nach dem anschlusstreffer durch djibril sow (.) trafen zum verdienten sieg;diaby;de;2023-04-09T09:20:12Z;NA
minute legte sich wirtz ein anspiel meter vor dem gegnerischen tor vor, schaute einmal hoch, sah, wie der flinke diaby in den vollsprint-modus schaltete und spielte ihm den ball zwischen zwei frankfurter verteidiger millimetergenau in den lauf - und zwar so, dass sein mitspieler weder abbremsen noch beschleunigen musste;diaby;de;2023-04-10T16:12:35Z;NA
naturlich hatte ich ein gewisses talent, aber ich war nicht schnell wie diaby, hatte keine technik wie lionel messi;diaby;de;2023-04-11T06:56:46Z;NA
in bayerleverkusen (:) sah er wegen meckerns die funfte gelbe karte, zuvor war ein foul von diaby an ihm nicht geahndet worden;diaby;de;2023-04-11T07:30:49Z;NA
franzose sieht bayerleverkusen nicht als favorit gegen saint-gilles  zwei der drei platze sind fix vergeben: diaby als halbrechter sturmer im -- gilt ebenso gesetzt wie wirtz, der formell als mittelsturmer aus dieser position heraus die gegnerischen abwehrspieler anlauft, allerdings bei leverkusener ballbesitz alle freiheiten bekommt, aus der tiefe heraus ordnend wie kreativ zu wirken;diaby;de;2023-04-11T11:04:13Z;NA
mit dieser ausbeute ist er zudem gemeinsam mit diaby und frimpong bester vorbereiter von bayerleverkusen - die waren aber seit saisonstart dabei;diaby;de;2023-04-11T16:45:20Z;NA
doch wie lange geht die erfolgsserie noch weiter? sturmer diaby sieht vor dem europa-league-viertelfinale gegen union saint-gilloise zumindest international kein limit fur den werksklub;diaby;de;2023-04-12T15:22:00Z;NA
flugelsturmer diaby glaubt mit bayerleverkusen in der endphase der saison an grosse ziele;diaby;de;2023-04-13T03:39:38Z;NA
wie lange spielt diaby noch fur bayerleverkusen?  der franzosische nationalspieler diaby ist nach einer erneut starken saison europaweit begehrt;diaby;de;2023-04-13T14:14:22Z;NA
"ich weiss, dass auf sie verlass ist und sie fur eine gute stimmung sorgen werden"", sagte top-scorer diaby () im klub-tv";diaby;de;2023-04-13T17:52:57Z;NA
beispielhaft dafur war es, dass frimpong und diaby auf bayers starker rechter seite ihre schnelligkeit kaum ausspielen konnten;diaby;de;2023-04-13T21:20:20Z;NA
doch diaby verzog zweimal knapp (./.+), hincapie kopfte bei der grossten gelegenheit am langen pfosten aus zwei metern und spitzem winkel daneben (.);diaby;de;2023-04-13T21:29:51Z;NA
hincapie (l.) und tah bedanken sich fur die fan-unterstutzung  adli: die vorlage auf diaby kurz vor der pause war seine beste szene;diaby;de;2023-04-14T08:16:22Z;NA
unter anderem deshalb, weil er dem eingewechselten sturmer sardar azmoun den auftrag mitgegeben hatte, im strafraum balle zu gewinnen, um sie fur die nachruckenden offensivspieler wirtz oder diaby zum einschuss bereitzulegen;diaby;de;2023-04-14T11:55:04Z;NA
die schnellen flugelspieler frimpong, diaby (rechts) und adli (links) wurden zu bayers scharfsten waffen;diaby;de;2023-04-16T07:30:18Z;NA
"die langen balle auf die von vfl-trainer niko kovac als ""flinken jungs"" bezeichneten offensiv-stars um diaby kamen nur selten an";diaby;de;2023-04-16T19:29:40Z;NA
"die langen balle auf die von vfl-trainer niko kovac als ,,flinken jungs"" bezeichneten offensiv-stars um diaby kamen nur selten an";diaby;de;2023-04-16T19:34:14Z;NA
"die langen balle auf die von vfl-trainer niko kovac als ""flinke jungs"" bezeichneten offensiv-stars um diaby kamen nur selten an";diaby;de;2023-04-16T19:39:52Z;NA
trainer kovac schwarmt vom verteidiger, der viele millionen bringen soll  durchgesetzt: micky van de ven im duell mit bayerleverkusen diaby (re.).\r  \r  vor allem viel geld muss derjenige mitbringen, der den abwehrmann verpflichten mochte;diaby;de;2023-04-18T16:13:08Z;NA
"   nach dem schwachen saisonstart gehoren die leverkusener zu den starksten teams in deutschland, der trainer ist endgultig im klub angekommen, und diaby sagt: ,,bayerleverkusen hat die spieler, um die europaleague zu gewinnen."" zudem ist alonso, der zweimal die championsleague sowie die weltmeisterschaft und ebenfalls zweimal die europameisterschaft gewann, gut vertraut mit den mechanismen sehr grosser spiele";diaby;de;2023-04-20T15:41:59Z;NA
diaby (l.), bayerleverkusen :-schutze, und bakker, der das : besorgt, feiern zusammen  sie sind fussball-deutschlands letztes europa-eisen im feuer!  bayerleverkusen schlagt im viertelfinale der europaleague union saint-gilloise : (hinspiel :);diaby;de;2023-04-20T20:50:39Z;NA
diaby brachte die mannschaft von trainer alonso in brussel nach sekunden in fuhrung, bakker (.), frimpong (.) und adam hlozek (.) legten nach;diaby;de;2023-04-20T20:51:25Z;NA
senne lynen fing den doppelpass zwischen wirtz und diaby eigentlich ab, spitzelte den ball aber dadurch diaby in den fuss;diaby;de;2023-04-20T20:54:03Z;NA
diaby brachte die mannschaft von trainer alonso am donnerstag in brussel nach sekunden in fuhrung, bakker (.), frimpong (.) und adam hlozek (.) legten nach;diaby;de;2023-04-20T20:55:54Z;NA
diaby brachte die mannschaft von trainer alonso in brussel schon nach sekunden in fuhrung, bakker (.), frimpong (.) und adam hlozek (.) legten nach;diaby;de;2023-04-20T21:03:29Z;NA
 bayerleverkusen fuhrte in brussel dank traumstarts durch diaby (.) und spater bakker (.) sowie frimpong (.) mit : und liess sich den aufstieg nicht mehr nehmen;diaby;de;2023-04-20T21:11:48Z;NA
torschutzen unter sich: diaby (links, treffer zum : fur bayerleverkusen) gratuliert bakker (treffer zum :);diaby;de;2023-04-20T21:15:24Z;NA
 bayerleverkusen fuhrte in brussel dank traumstart durch diaby (.) und spater bakker (.) sowie frimpong (.) mit : und liess sich den aufstieg nicht mehr nehmen;diaby;de;2023-04-21T04:27:00Z;NA
party mit den fans: die bayerleverkusen-profis diaby (v.l.), lukas hradecky, wirtz, karim bellarabi, hincapie und tah  halbfinale!  bayerleverkusen sturmte mit einem :-sieg uber royale union saint-gilloise ins semifinale der europaleague;diaby;de;2023-04-21T07:56:02Z;NA
fur bayerleverkusen trafen diaby (;diaby;de;2023-04-21T09:05:10Z;NA
 dass sein team schon nach sekunden unter glucklichen umstanden in fuhrung gehen wurde - torschutze diaby erhielt die vorlage von gegnerseite -, konnte zwar selbst der fussballweise alonso nicht voraussehen;diaby;de;2023-04-21T10:02:05Z;NA
torschutzen unter sich: bakker feiert mit diaby  auf der linken defensiv-seite sucht bayerleverkusen seit jahren nach einer top-verstarkung;diaby;de;2023-04-21T13:21:07Z;NA
nachstes upgrade nach bayerleverkusen-triumph  nach dem leverkusener einzug ins europa-league-halbfinale erhalt die rttf-karte von diaby in fut ein weiteres upgrade;diaby;de;2023-04-21T14:17:51Z;NA
aus dem nichts sorgte hincapie (.) mit einem lattentreffer aus rund metern fur die beste bayerleverkusen-szene bis dahin, bayerleverkusen war nun aktiver und belohnte sich: hlozek vollendete einen konter nach einer scharfen hereingabe von diaby technisch stark mit links;diaby;de;2023-04-23T17:26:22Z;NA
doch dann bekamen sie plotzlich die konterchance schlechthin, als bakker, demirbay und diaby nach einem leipziger eckball zu dritt gegen einen aufs tor zuliefen und den ball vertandelten (.);diaby;de;2023-04-23T17:26:57Z;NA
andrich hatte einen exzellenten pass in die tiefe auf diaby gespielt, der den ball in den rucken der abwehr weiterleitete, von wo hlozek aus elf metern zum : traf;diaby;de;2023-04-23T17:33:57Z;NA
der angriff war uber rechts erfolgt, uber die seite von frimpong und diaby, der auch die vorlage zum treffer gab;diaby;de;2023-04-23T18:00:31Z;NA
 dabei schaut der schweizer nicht nur auf diaby, der bereits funf tore in den bisherigen sieben bundesligaduellen gegen union bejubeln durfte;diaby;de;2023-04-27T12:25:55Z;NA
wirtz, bakker, naturlich diaby, dahinter ex-unioner andrich als aggressive leader wussten zu wirbeln;diaby;de;2023-04-29T15:22:00Z;NA
 bayers gefahrlichste szene leitete bemerkenswerterweise der ehemalige unioner andrich mit einer balleroberung noch in der berliner halfte ein, der schuss von diaby ging aber druber;diaby;de;2023-04-29T15:30:03Z;NA
azmoun), diaby (;diaby;de;2023-04-29T15:32:17Z;NA
minute uber wirtz und diaby;diaby;de;2023-04-29T15:37:30Z;neutral
bayers gefahrlichste szene leitete bemerkenswerterweise der ehemalige unioner andrich mit einer balleroberung noch in der berliner halfte ein, der schuss von diaby ging aber druber;diaby;de;2023-04-29T15:37:38Z;NA
und das fand ausdruck in einem blitzkonter, bei dem wirtz den ball auf diaby ablegte;diaby;de;2023-04-29T18:35:16Z;NA
amiri war der held im hinspiel beim :-sieg in mungersdorf: kurz nach seiner einwechselung traf er per freistoss zum :, bayerleverkusen drehte die partie anschliessend durch diaby () komplett;diaby;de;2023-05-01T16:20:02Z;NA
" ""haben keine zukunft in paris: neymar (l.) und messi  heisse psg-kandidaten fur den sommer: neapels super-sturmer victor osimhen und bayerleverkusen-star diaby";diaby;de;2023-05-05T10:22:34Z;NA
beim wolfsburger : in bayerleverkusen hatte diaby bayerleverkusen in fuhrung gebracht, andrich traf schliesslich zum wolfsburger ausgleich ins eigene netz;diaby;de;2023-05-22T12:15:46Z;NA
bei der dritten chance der gastgeber in einer insgesamt unspektakularen ersten halbzeit war olschowsky dann zur stelle: er parierte den schuss von adli aus spitzem winkel, den zweiten versuch setzte diaby weit druber (.);diaby;de;2023-05-21T19:46:28Z;NA
auf der gegenseite vergab diaby (.) die vorentscheidung klaglich, einen abpraller schoss der franzose uber das leere tor;diaby;de;2023-05-21T19:39:14Z;NA
 auf der gegenseite vergab diaby (.) die vorentscheidung klaglich, einen abpraller schoss der franzose uber das leere tor;diaby;de;2023-05-21T19:26:11Z;NA
diaby gewann seine sechs bundesliga-spiele gegen die fohlen alle und war dabei an funf toren beteiligt (ein treffer, vier torvorlagen);diaby;de;2023-05-20T05:00:50Z;NA
dann werden so herausragende hochstgeschwindigkeitsfussballer wie diaby und frimpong vom gegner zu leicht ausgebremst;diaby;de;2023-05-19T10:35:21Z;NA
kontersituationen, bayerleverkusen spezialitat, liessen die romer nicht zu, im nahezu einzigen ausnahmefall traf diaby die latte (;diaby;de;2023-05-19T09:15:11Z;NA
die beste gelegenheit fand diaby vor, der den ball aus spitzem winkel an das rechte lattenkreuz knallte (.);diaby;de;2023-05-19T07:28:00Z;NA
die ersten versuche von demirbay (.) und diaby (.) waren noch eher harmlos, doch dann traf diaby nach schonem pass von wirtz aus spitzem winkel die latte (.);diaby;de;2023-05-19T07:07:49Z;NA
 zunachst fuhlten demirbay (.) und diaby (.) mit links vor, ehe wirtz den franzosen mit einem steilpass in szene setzte;diaby;de;2023-05-18T22:05:00Z;NA
   chancen blieben zwar zunachst selten, aber der brillante wirtz hatte einige gute ideen, und einer seiner passe in die tiefe fuhrte zur gefahrlichsten situation der ersten spielhalfte: diaby gelang ein starker abschluss aus recht spitzem winkel an die latte uber der kurzen ecke krachte (.);diaby;de;2023-05-18T21:16:32Z;NA
malen setzte sich im voting gegen diaby und frimpong von bayerleverkusen, benjamin pavard vom fc bayern munchen, timo werner von rb leipzig sowie josha vagnoman vom vfb stuttgart durch;diaby;de;2023-05-18T15:14:06Z;NA
aber vor bayerleverkusen zittert star-trainer mourinho ()!  der portugiese weiss, dass die werkself seine mannschaft mit den schnellen offensivstars wie wirtz (), frimpong () und diaby () uberrennen kann;diaby;de;2023-05-18T10:01:41Z;NA
an eine scharfe hereingabe von diaby bekam sardar azmoun den fuss nicht mehr richtig heran (.), ein freistoss von demirbay war fur edmond tapsoba schwer zu nehmen (.);diaby;de;2023-05-14T15:54:04Z;NA
 an eine scharfe hereingabe von diaby bekam sardar azmoun den fuss nicht mehr richtig heran (.), ein freistoss von demirbay war fur edmond tapsoba schwer zu nehmen (.);diaby;de;2023-05-14T15:31:56Z;NA
stuttgart hatte angst, in konter zu laufen und stand defensiv weitaus tiefer als die dadurch felduberlegenen leverkusener, die fruh hatten in fuhrung gehen konnen: nach einer hereingabe von diaby kamen allerdings sardar azmoun und jeremy frimpong jeweils einen schritt zu spat (.);diaby;de;2023-05-14T15:25:38Z;NA
das team wird zudem von den beiden bayerleverkusen-profis frimpong und diaby sowie von niclas fullkrug und randal kolo muani erganzt;diaby;de;2023-05-13T10:26:28Z;neutral
 schneller als jungst gegen koln und nun in rom muss es in den nachsten zwei wochen dagegen in bayers offensive zugehen: hochgeschwindigkeitsfussballer wie diaby oder frimpong wirkten zuletzt uberspielt;diaby;de;2023-05-13T10:16:48Z;NA
die rechte seite mit diaby und frimpong hat dabei schon treffer verbuchen konnen;diaby;de;2023-05-13T05:11:59Z;NA
besonderes augenmerk liegt zudem auf dem spezialobjekt von diaby, dessen stats die der beliebten road-to-the-finals-karte ubertrifft;diaby;de;2023-05-12T19:18:46Z;NA
 randal kolo muani, niclas fullkrug, diaby, jamal musiala, alphonso davies, matthijs de ligt und frimpong komplettieren die elf der saison;diaby;de;2023-05-12T17:00:00Z;NA
gegen die roma sah es aus, als seien der bayerleverkusen-elf fantasie und frische abhandengekommen, die einflussreichsten spieler wirken erschopft: wirtz startete stark und verblasste noch starker, frimpong und diaby, das lichtgeschwinde duett an der rechten seite, traten kaum in erscheinung, wie auch hradecky mitbekommen hatte;diaby;de;2023-05-12T10:25:02Z;NA
frimpong wirkt uberspielt, und diaby bewegte sich nur in den fur die roma ungefahrlichen raumen;diaby;de;2023-05-12T09:44:10Z;negativ
torwart lukas hradecky bewahrte bayerleverkusen vor einer hoheren niederlage  diaby: ohne jegliche durchschlagskraft;diaby;de;2023-05-11T23:42:49Z;negativ
das schnelle duett frimpong und diaby trat kaum in erscheinung;diaby;de;2023-05-11T21:16:54Z;NA
leihspieler callum hudson-odoi wird zum fc chelsea zuruckkehren, diaby und frimpong gelten als heisse wechselkandidaten;diaby;de;2023-05-11T15:45:38Z;NA
diaby soll auf der wunschliste des fc arsenal stehen;diaby;de;2023-05-09T10:53:00Z;NA
"der ""guardian"" berichtet, dass auch die blues - wie unlangst bei mudryk - arsenal noch in die quere kommen konnten und am ""deadline day"" ebenfalls um caicedo mitbieten konnten, der chelsea-trainer graham potter aus brighton bestens bekennt";mudryk;de;2023-01-31T08:01:22Z;NA
wollen die blues dem premier-league-spitzenreiter wie unlangst bei mudryk im letzten moment in die quere kommen? dass brighton, das angeblich ein -millionen-euro-rekordangebot fur den ecuadorianer abgelehnt hat, doch noch von seinem veto abruckt, erscheint aber zunehmend unwahrscheinlich;mudryk;de;2023-01-31T09:41:14Z;NA
insgesamt acht neue spieler holte der ex-klub von thomas tuchel an die stamford bridge und sorgte mit der verpflichtung von mudryk fur den transfer-hammer des winters;mudryk;de;2023-01-31T11:20:00Z;NA
 mykhailo mudryk () war in den vergangenen wochen ein vorherrschendes thema in den britischen medien, weil arsenal und chelsea sich ein transfer-rennen um den jungen ukrainer lieferten;mudryk;de;2023-01-31T21:50:14Z;NA
der grosste deal des winters ist kurz vor transferschluss doch noch uber die buhne gegangen! (ubersicht: alle fixen transfers der bundesliga)  nach einer enttauschenden hinrunde zeigte sich chelsea zuletzt im kaufrausch, verpflichtete insgesamt neun spieler im winter, darunter unter anderem joao felix per leihe sowie mudryk fur bis zu millionen euro;mudryk;de;2023-02-01T03:43:45Z;NA
kehl wundert sich uber politik des champions-league-gegners  mudryk, enzo fernandez und joao felix (v.li.) sind drei von acht chelsea-neuzugangen;mudryk;de;2023-02-01T08:33:03Z;NA
zuvor hatten die blues bereits mudryk (donezk), joao felix (atletico, leihe), benoit badiashile (monaco), noni madueke (eindhoven), andrey santos (vasco da gama), david datro fofana (molde) sowie malo gusto verpflichtet, wobei letzterer direkt zuruck an lyon verliehen wurde;mudryk;de;2023-02-01T11:15:40Z;NA
: uhr  in der wintertransferperiode folgten neben enzo fernandez nun acht weitere spieler fur , millionen wie\xamykhaylo mudryk,\xabenoit badiashile,\xanoni madueke oder\xaandrey santos;mudryk;de;2023-02-01T12:35:57Z;NA
" der ukrainer mykhailo mudryk, der neuerdings das trikot des fc chelsea tragt, gilt als gute investition in die zukunft  das sei ""sehr wild, das muss man einfach sagen";mudryk;de;2023-02-01T13:56:00Z;NA
potter und mudryk - zwei, die den erfolg bringen sollen;mudryk;de;2023-02-01T16:41:33Z;NA
fernandez ist ebenso wie der ukrainische aussenbahnspieler mudryk, den chelsea mitte januar fur millionen euro von schachtar donezk gekauft hat, fur achteinhalb jahre angestellt worden;mudryk;de;2023-02-03T11:29:00Z;NA
nach transferflut  nun steht fest: wahrend der millionen euro teure weltmeister enzo fernandez (benfica), -millionen-euro-flugelsturmer mudryk (donezk) und atletico-leihgabe joao felix im achtelfinale gegen borussia dortmund und in etwaigen folgenden k.-o.-rundenspielen einsatzfahig sind, darf potter aubameyang bis zum saisonende nur in der premier league einsetzen;mudryk;de;2023-02-03T17:33:03Z;NA
von bayern bis tottenham  neu im kader: joao felix (neuzugang, leihe von atletico), enzo fernandez (neuzugang, benfica), mudryk (neuzugang, donezk)  nicht mehr im kader: pierre-emerick aubameyang (gestrichen), jorginho (wechsel zu arsenal) ;mudryk;de;2023-02-13T08:01:18Z;NA
die superstars enzo fernandez, mudryk (/ mio;mudryk;de;2023-02-14T21:30:25Z;NA
fruherer bayern-vorstand lacht uber barcelona  der ehemalige fcb- und inter-profi ( bis ) blickte dabei vor allem auf den fc chelsea, der allein in dieser premier-league-spielzeit schon rund (!) millionen euro fur spieler ausgegeben hat - allein in diesem winter uber millionen euro fur profis wie enzo fernandez von benfica lissabon, mudryk von schachtar donezk oder leihspieler joao felix von atletico madrid;mudryk;de;2023-02-22T17:30:00Z;NA
chelsea-leihgabe immer ofter nur in der zuschauerrolle  und zwar ausgerechnet den ukrainischen nationalspieler mudryk, der fur bis zu millionen euro ablose von shachtar donezk kam;mudryk;de;2023-03-01T18:25:00Z;NA
sterling ( millionen euro), mudryk ( millionen) und joao felix ( millionen leihgebuhr) kamen fur cucurella ( millionen), enzo fernandez ( millionen) und conor gallagher, ein eigengewachs, das immer wieder verliehen wurde;mudryk;de;2023-04-18T21:18:54Z;NA
zu sehen ist davon wenig - und das liegt nicht nur daran, dass interimstrainer frank lampard in der entscheidenden partie gegen real madrid im mittelfeld zunachst lieber auf eigengewachs conor gallagher als auf -millionen-euro-zugang mudryk setzte;mudryk;de;2023-04-19T06:10:46Z;negativ
"rolfes: ""wir geben jona und hincapie nicht ab""  um hincapie buhlen schon seit geraumer zeit klubs vor allem aus england";hincapie;de;2023-01-29T14:25:51Z;NA
heiss umworben auf der insel sind auch hincapie (/tottenham), frimpong (/manutd) und diaby (/arsenal und newcastle);hincapie;de;2023-02-09T15:23:04Z;NA
das ist auch bei hincapie der fall;hincapie;de;2023-02-12T08:20:44Z;NA
unter alonso ist hincapie in der abwehrkette gesetzt - und hat seinen vertrag vorzeitig bis verlangert;hincapie;de;2023-02-12T09:06:30Z;NA
spieltag gegen freiburg, als seine konkurrenten bakker und hincapie gesperrt fehlten, komplett aussen vor;hincapie;de;2023-02-13T09:13:15Z;NA
adli (r.) sieht von schiri andrich schroder die rote karte  neben adli mussen in freiburg auch tah und hincapie gesperrt zuschauen, die beiden verteidiger sahen gegen mainz jeweils ihre ;hincapie;de;2023-02-20T14:48:27Z;NA
bayerleverkusen angreifer trainiert individuell - sinkgraven fur freiburg fraglich  da dem werksklub am sonntag in freiburg neben den beiden abwehrspielern tah und hincapie (jeweils ;hincapie;de;2023-02-21T15:07:16Z;NA
und gegen mainz schonte der trainer den im sommer von sparta prag gekommenen nationalspieler genauso wie frimpong, hincapie, wirtz und palacios, die meist in alonso alonsos startelf auftauchen und auch in monaco in dieser alles andere als eine uberraschung darstellen wurden;hincapie;de;2023-02-22T19:35:01Z;NA
geschafft! bayerleverkusen spieler nach dem sieg-elfer von diaby  hincapie: auch er startete mit schwierigkeiten in die partie, steigerte sich von minute zu minute;hincapie;de;2023-02-23T22:07:40Z;NA
trainer alonso vor den mitgereisten fans in monaco  personell ist klar: die verteidiger tah und hincapie sind gelb-gesperrt, adli muss wegen einer rot-sperre zuschauen;hincapie;de;2023-02-24T09:33:31Z;NA
fallen doch tah und hincapie gelb-gesperrt aus;hincapie;de;2023-02-24T12:55:38Z;NA
ohne hincapie und tah mussten wir entscheiden, wie wir spielen;hincapie;de;2023-02-27T15:54:01Z;NA
toptalent wirtz kehrte ebenso in die startelf zuruck wie die zuletzt gelbgesperrten tah und hincapie;hincapie;de;2023-03-05T16:23:36Z;NA
gegen hertha bsc vertrat ihn innenverteidiger hincapie (kicker-note ) absolut zufriedenstellend;hincapie;de;2023-03-07T18:58:15Z;NA
doch dieser sollte wie gegen hertha bsc beispielsweise die durchaus zufriedenstellende notlosung mit innenverteidiger hincapie als linken schienenspieler im -- wahlen;hincapie;de;2023-03-08T14:37:28Z;NA
unter ihm entdeckte die von kim falkenberg geleitete leverkusener scoutingabteilung nicht nur bis dahin vollig unbekannte talente wie edmond tapsoba, frimpong und hincapie, die ihren marktwert schnell vervielfachten, sondern steidten leierte die transfers als manager an und trieb sie auch bis zur unterschriftsreife;hincapie;de;2023-03-14T12:46:04Z;NA
damit hat sich kabak im verwarnungs-ranking des kicker an die unruhmliche spitze gesetzt mit sieben gelben und zwei gelb-roten karten vor bremens marco friedl (sechs gelbe, eine rote) und bayerleverkusen hincapie (funf gelbe, zwei gelb-rote);hincapie;de;2023-03-14T13:13:48Z;NA
"""sehr ambitionierter"" kader-manager arbeitete schon lange am absprung  akteure wie edmond tapsoba, frimpong oder hincapie wurden unter ihm von der von kim falkenberg geleiteten scouting-abteilung entdeckt, die deals dann von steidten eingefadelt und meist auch bis zum ende ausverhandelt";hincapie;de;2023-03-15T11:30:10Z;NA
kam aus bremen nach bayerleverkusen: tim steidten  tim steidten () war bayerleverkusen mann fur die besonderen talente, gilt als entdecker von wirtz, frimpong, edmond tapsoba, odilon kossounou oder hincapie;hincapie;de;2023-03-15T17:55:48Z;NA
torschutzen unter sich: diaby und adli (r.) feiern adlis treffer zum : fur bayerleverkusen  hincapie: eine nahezu fehlerlose vorstellung, allerdings ohne offensivdrang;hincapie;de;2023-03-17T07:01:04Z;NA
bayerleverkusen an der leiste verletzter torjager steigert belastung und bleibt schmerzfrei  beim abschlusstraining vor dem europa-league-viertelfinale gegen saint-gilles war demirbay genauso dabei wie sturmer adam hlozek, der zuletzt wegen eines infekts fehlte, und verteidiger hincapie, der gegen frankfurt wegen einer schmerzhaften prellung an der hufte ausgewechselt worden war;hincapie;de;2023-04-12T10:46:44Z;NA
hincapie (l.) und tah bedanken sich fur die fan-unterstutzung  alles offen nach dem hinspiel-: gegen royale union saint-gilloise;hincapie;de;2023-04-14T08:16:22Z;NA
die beiden besten chancen hatte vielmehr der zweimal durch den funfmeterraum irrlichternde union-keeper anthony moris ermoglicht, der jeweils eine flanke unterlief und es nur der fehlenden prazision der schutzen hincapie und frimpong, die ihre kopfballe aus wenigen metern neben das tor setzten, zu verdanken hatte, dass seine fehler nicht bestraft wurden;hincapie;de;2023-04-14T11:21:14Z;NA
party mit den fans: die bayerleverkusen-profis diaby (v.l.), lukas hradecky, wirtz, karim bellarabi, hincapie und tah  halbfinale!  bayerleverkusen sturmte mit einem :-sieg uber royale union saint-gilloise ins semifinale der europaleague;hincapie;de;2023-04-21T07:56:02Z;NA
aus dem nichts sorgte hincapie (.) mit einem lattentreffer aus rund metern fur die beste bayerleverkusen-szene bis dahin, bayerleverkusen war nun aktiver und belohnte sich: hlozek vollendete einen konter nach einer scharfen hereingabe von diaby technisch stark mit links;hincapie;de;2023-04-23T17:26:22Z;NA
wirtz mit freundin aaliyah wahrend des bayerleverkusen-spiels gegen leipzig auf der vip-tribune  wirtz stand am montagvormittag noch nicht wieder beim team-training mit auf dem platz, auch die angeschlagenen hincapie (gegen leipzig mit krampfen raus) und edmond tapsoba (muskulare probleme) fehlten;hincapie;de;2023-04-24T13:32:05Z;NA
"ob bayerleverkusen nach der rotsperre von hincapie mangels innenverteidiger weiter auf eine dreierkette setze oder auf eine viererabwehr umstelle? ""wir haben nicht viele, aber genug moglichkeiten fur beide systeme.""  warum callum hudson-odoi seit monaten kaum noch spielt? ""unsere angreifer haben es gut gemacht";hincapie;de;2023-05-26T16:34:24Z;NA
gladbacher personalsorgen vor dem heimspiel gegen augsburg  dass julian weigl am mittwoch noch nicht im mannschaftstraining auftauchen wurde, war abzusehen nach dem bosen foul von hincapie beim : in bayerleverkusen;hincapie;de;2023-05-24T16:55:51Z;NA
fur den rotgesperrten innenverteidiger hincapie gibt es keinen annahernd gleichwertigen ersatz;hincapie;de;2023-05-24T14:51:04Z;NA
hincapie von fussball-bundesligist bayerleverkusen muss nach seiner roten karte eine sperre von drei ligaspielen absitzen;hincapie;de;2023-05-23T10:52:44Z;negativ
fur sein grobes foul sah hincapie beim leverkusener : gegen gladbach vollig zu recht die rote karte;hincapie;de;2023-05-23T10:24:42Z;NA
"schwere prellung am schienbein  julian weigl war am sonntag hart von bayerleverkusen hincapie gefoult worden - und hatte ""erst einmal sehr angst""";hincapie;de;2023-05-22T15:45:26Z;NA
dort wird neben sechser demirbay (gelbsperre) auch hincapie fehlen, der sich nach einem brutalen foul einen platzverweis einhandelte und damit seinen trainer mangels gleichwertiger alternativen in der innenverteidigung vor ein problem stellt;hincapie;de;2023-05-22T08:22:38Z;NA
autsch! bayerleverkusen hincapie (mitte) tritt weigl brutal um  dieser brutalo-tritt hatte rot absolut verdient!  beim : von gladbach in bayerleverkusen sprang bayerleverkusen-verteidiger hincapie mit gestrecktem bein nur auf die wade von julian weigl ();hincapie;de;2023-05-22T08:20:52Z;NA
bayers hincapie sah in der nachspielzeit wegen groben foulspiels die rote karte (.+);hincapie;de;2023-05-21T19:55:17Z;NA
bayerleverkusen-verteidiger hincapie sah nach einem brutalen foul an julian weigl die rote karte (.+);hincapie;de;2023-05-21T19:39:14Z;NA
enttauscht nach dem aus in der europaleague: bayerleverkusen trainer alonso  trost von alonso fur verteidiger hincapie  dass es seiner truppe nicht gelungen war, die roma fur ihr destruktives spiel zu bestrafen, beurteilte alonso sachlich: ,,es war nicht neu, was in der zweiten halbzeit passiert ist;hincapie;de;2023-05-18T22:23:45Z;NA
benficas linksverteidiger hat sich fur bayerleverkusen entschieden  daley sinkgraven, dessen vertrag im sommer auslauft, wird als aktuelle nummer fur die position des linken schienenspielers (hinter bakker und innenverteidiger hincapie) bayerleverkusen hingegen sicher verlassen;hincapie;de;2023-05-15T09:13:43Z;NA
nicht umsonst vertraute bayerleverkusen-trainer alonso () fur gewohnlich auf eine dreier-kette in der defensive und probierte besonders auf der linken seite verschiedene spieler aus, so auch den etatmassigen innenverteidiger hincapie ();hincapie;de;2023-05-14T17:41:57Z;NA
torwart lukas hradecky bewahrte bayerleverkusen vor einer hoheren niederlage  hincapie: der junge ecuadorianer begann wieder anstelle von mitchell bakker, ruckte nach bakkers hereinnahme dann wieder links in die dreierkette;hincapie;de;2023-05-11T23:42:49Z;NA
bayerleverkusen leader mit medi-car aus katakomben abtransportiert  fur kossounou besitzt bayerleverkusen zwar in hincapie noch eine alternative, doch in der innenverteidigung darf nun auch nichts mehr passieren;hincapie;de;2023-05-11T22:53:37Z;NA
hincapie, bayers beauftragter fur die linke aussenbahn, hatte erfolgreich einen uberraschungsangriff gestartet und den ball punktgenau in die mitte geleitet, doch andrich war einen halben schritt zu schnell in position gelaufen und brachte keine kraft hinter den schuss, den romas portugiesischer torhuter rui patricio, wohlbekannt von welt- und europameisterschaften, unbeschwert in die arme schliessen\xakonnte;hincapie;de;2023-05-11T21:16:54Z;NA
stattdessen platzierte bayerleverkusen hincapie nach minuten einen trockenen -meter-lattenschuss als warnung, ehe adam hlozek in der ;hincapie;de;2023-04-23T18:00:31Z;NA
hincapie hincapies fernschuss aus metern unterschatzte torwart janis blaswich, sodass der ball gegen die latte klatschte (.);hincapie;de;2023-04-23T17:26:57Z;NA
doch diaby verzog zweimal knapp (./.+), hincapie kopfte bei der grossten gelegenheit am langen pfosten aus zwei metern und spitzem winkel daneben (.);hincapie;de;2023-04-13T21:29:51Z;NA
gegen diaby (.) und hincapie (.) hielt er gut;hincapie;de;2023-03-05T16:32:32Z;NA
 bayerleverkusen, das ohne die gesperrten tah, hincapie und adli auskommen musste, hatte am ruckstand zu knabbern;hincapie;de;2023-02-26T18:32:00Z;NA
   bayerleverkusen, das ohne die gesperrten tah, hincapie und adli auskommen musste, hatte am ruckstand zu knabbern;hincapie;de;2023-02-26T16:41:45Z;NA
bayerleverkusen, das ohne die gesperrten tah, hincapie und adli auskommen musste, hatte am ruckstand zu knabbern;hincapie;de;2023-02-26T16:32:55Z;NA
bayerleverkusen torwart lukas hradecky sitzt fluchend auf dem rasen  grund war offenbar monacos :-torschutze diatta, der mehrmals mit hincapie () aneinandergeriet und versuchte, den leverkusener zu provozieren;hincapie;de;2023-02-17T17:14:46Z;negativ
vor allem monacos krepin diatta und bayerleverkusen hincapie beharkten sich haufig;hincapie;de;2023-02-17T08:56:42Z;NA
   vor allem monacos krepin diatta und bayerleverkusen hincapie beharkten sich haufig;hincapie;de;2023-02-17T07:51:22Z;NA
in der funften minute der nachspielzeit sah bayerleverkusen hincapie nach einem harten foul an julian weigl rot;hincapie;de;2023-05-21T19:53:27Z;negativ
une febrilite deconcertante venant du bayerleverkusen, a l'image de l'expulsion de hincapie dans les derniers instants (e+) pour un tacle de boucher, et une avance d'un petit point sur wolfsburg (e, points) pour bayerleverkusen (e, points) avant la derniere journee;hincapie;de;2023-05-21T19:30:59Z;NA
sekunden waren gespielt, als andrich nach hereingabe von hincapie aus etwa zwolf metern zum schuss kam;hincapie;de;2023-05-12T10:02:12Z;NA